"","date","c_line_b","c_line_e","parliament","d_type","a_name","a_type","a_party","a_origin","i_organization","i_country","i_position","Utilitarian","Normative","cost_benefit","modernization","geopolitics","security","other","belonging to eu","liberal democ","multiculturalism","sovereignty","fairnes","a_party_string","i_organization_string","i_country_string","i_position_string","year","inst_pos","elec_pos","lr_ideo","m_frames"
"1",2004-01-08,718,718,153,201,"Necdet Budak",301,5301,553,613,53,1,0,0,0,0,0,0,0,0,0,0,0,0,"Adalet ve Kalkınma Partisi","Candidacy (for membership)","Turkey","For (membership)","2004","GOV","Marginal","Center-Right","Neither"
"2",2004-01-15,806,806,153,201,"Mehmet Yüksektepe",301,5301,553,613,53,1,0,0,0,0,0,0,0,0,0,0,0,0,"Adalet ve Kalkınma Partisi","Candidacy (for membership)","Turkey","For (membership)","2004","GOV","Marginal","Center-Right","Neither"
"3",2004-01-15,1241,1241,153,201,"Romano Prodi",309,9900,533,900,53,1,0,0,0,0,0,0,0,0,0,0,0,0,"Not specified","Europe – Belonging","Turkey","For (membership)","2004","External","External","No Info","Neither"
"4",2004-01-15,1255,1255,153,201,"Romano Prodi",309,9900,533,613,53,0,1,1,0,1,0,0,0,0,1,0,0,0,"Not specified","Candidacy (for membership)","Turkey","Conditional","2004","External","External","No Info","both"
"5",2004-02-28,1443,1443,153,201,"Mehmet Ali Şahin",303,5301,553,613,53,1,0,0,0,0,0,0,0,0,0,0,0,0,"Adalet ve Kalkınma Partisi","Candidacy (for membership)","Turkey","For (membership)","2004","GOV","Marginal","Center-Right","Neither"
"6",2004-04-14,272,274,153,201,"İlham Aliyev",309,9900,514,618,14,1,0,1,0,0,1,1,0,0,0,0,0,0,"Not specified","Eastern Partnership","Azerbaijan","For (membership)","2004","External","External","No Info","Normative"
"7",2004-04-23,95,95,153,201,"Bülent Arınç",309,9900,553,613,53,1,1,0,1,0,1,0,0,0,0,0,0,0,"Not specified","Candidacy (for membership)","Turkey","For (membership)","2004","External","External","No Info","Utilitarian"
"8",2004-05-04,752,752,153,201,"Cemil Çiçek",303,5301,553,613,53,1,1,0,0,1,0,0,0,0,0,0,0,0,"Adalet ve Kalkınma Partisi","Candidacy (for membership)","Turkey","For (membership)","2004","GOV","Marginal","Center-Right","Utilitarian"
"9",2004-05-25,1663,1663,153,201,"Algan Hacaloğlu",301,5302,553,613,53,1,0,0,0,0,0,0,0,0,0,0,0,0,"Cumhuriyet Halk Partisi","Candidacy (for membership)","Turkey","For (membership)","2004","OPP","Mainstream","Center-Left","Neither"
"10",2004-07-07,2053,2053,153,201,"Feridun Ayvazoglu",301,5302,553,613,53,1,0,0,0,0,0,0,0,0,0,0,0,0,"Cumhuriyet Halk Partisi","Candidacy (for membership)","Turkey","For (membership)","2004","OPP","Mainstream","Center-Left","Neither"
"11",2004-09-26,598,598,153,201,"Ümmet Kandogan",301,5301,553,613,53,1,1,0,1,1,0,0,0,0,0,0,0,0,"Adalet ve Kalkınma Partisi","Candidacy (for membership)","Turkey","For (membership)","2004","GOV","Marginal","Center-Right","Utilitarian"
"12",2004-09-26,699,699,153,201,"Mustafa Özyürek",301,5302,553,613,53,1,0,0,0,0,0,0,0,0,0,0,0,0,"Cumhuriyet Halk Partisi","Candidacy (for membership)","Turkey","For (membership)","2004","OPP","Mainstream","Center-Left","Neither"
"13",2004-10-01,382,382,153,201,"Ahmet Necdet Sezer",307,9900,553,613,53,1,1,1,1,1,0,1,0,0,1,0,0,0,"Not specified","Candidacy (for membership)","Turkey","For (membership)","2004","External","External","No Info","both"
"14",2004-10-07,81,88,153,201,"Şükrü Mustafa Elekdağ",301,5302,553,613,53,0,0,1,0,0,0,0,0,0,0,0,0,1,"Cumhuriyet Halk Partisi","Candidacy (for membership)","Turkey","Conditional","2004","OPP","Mainstream","Center-Left","Normative"
"15",2004-10-07,109,109,153,201,"Ömer Çelik",301,5301,553,613,53,1,1,1,0,1,0,0,0,0,1,0,0,0,"Adalet ve Kalkınma Partisi","Candidacy (for membership)","Turkey","For (membership)","2004","GOV","Marginal","Center-Right","both"
"16",2004-11-30,2369,2369,153,201,"Ahmet Küçük",301,5302,553,613,53,1,0,1,0,0,0,0,0,0,1,0,0,0,"Cumhuriyet Halk Partisi","Candidacy (for membership)","Turkey","For (membership)","2004","OPP","Mainstream","Center-Left","Normative"
"17",2004-11-30,2504,2504,153,201,"Oğuz Oyan",301,5302,553,613,53,0,0,1,0,0,0,0,0,0,0,0,0,1,"Cumhuriyet Halk Partisi","Candidacy (for membership)","Turkey","Conditional","2004","OPP","Mainstream","Center-Left","Normative"
"18",2004-11-30,538,539,153,201,"Ümmet Kandogan",301,5301,553,613,53,0,1,1,1,0,0,0,0,0,0,0,0,1,"Adalet ve Kalkınma Partisi","Candidacy (for membership)","Turkey","Conditional","2004","GOV","Marginal","Center-Right","both"
"19",2004-12-03,566,566,153,201,"Cemil Çiçek",301,5301,553,613,53,1,0,0,0,0,0,0,0,0,0,0,0,0,"Adalet ve Kalkınma Partisi","Candidacy (for membership)","Turkey","For (membership)","2004","GOV","Marginal","Center-Right","Neither"
"20",2004-12-03,655,655,153,201,"Feridun Ayvazoglu",301,5302,553,613,53,0,1,1,1,0,0,1,0,0,0,0,1,0,"Cumhuriyet Halk Partisi","Candidacy (for membership)","Turkey","Conditional","2004","OPP","Mainstream","Center-Left","both"
"21",2004-12-03,700,700,153,201,"Josep Borrell Fontelles",309,9900,550,613,53,1,0,0,0,0,0,0,0,0,0,0,0,0,"Not specified","Candidacy (for membership)","Turkey","For (membership)","2004","External","External","No Info","Neither"
"22",2004-12-03,2137,2137,153,201,"Algan Hacaloğlu",301,5301,553,613,53,0,0,1,0,0,0,0,0,0,0,0,1,0,"Adalet ve Kalkınma Partisi","Candidacy (for membership)","Turkey","Conditional","2004","GOV","Marginal","Center-Right","Normative"
"23",2004-12-13,1992,1993,153,201,"Cemil Çiçek",303,5301,553,613,53,0,0,1,0,0,0,0,0,0,0,0,0,1,"Adalet ve Kalkınma Partisi","Candidacy (for membership)","Turkey","Conditional","2004","GOV","Marginal","Center-Right","Normative"
"24",2004-12-14,651,651,153,201,"Abdullah Gül",303,5301,553,613,53,1,1,0,1,0,0,0,0,0,0,0,0,0,"Adalet ve Kalkınma Partisi","Candidacy (for membership)","Turkey","For (membership)","2004","GOV","Marginal","Center-Right","Utilitarian"
"25",2004-12-14,773,820,153,201,"Deniz Baykal",301,5302,553,613,53,0,0,1,0,0,0,0,0,0,0,0,1,0,"Cumhuriyet Halk Partisi","Candidacy (for membership)","Turkey","Conditional","2004","OPP","Mainstream","Center-Left","Normative"
"26",2004-12-14,851,851,153,201,"Onur Başaran Öymen",301,5302,553,613,53,0,0,1,0,0,0,0,0,0,0,0,0,1,"Cumhuriyet Halk Partisi","Candidacy (for membership)","Turkey","Conditional","2004","OPP","Mainstream","Center-Left","Normative"
"27",2004-12-14,887,887,153,201,"Yaşar Yakış",301,5301,553,613,53,0,0,1,0,0,0,0,0,0,0,0,0,1,"Adalet ve Kalkınma Partisi","Candidacy (for membership)","Turkey","Conditional","2004","GOV","Marginal","Center-Right","Normative"
"28",2004-12-20,316,316,153,201,"Alaattin Büyükkaya",301,5301,553,613,53,1,1,0,1,1,0,0,0,0,0,0,0,0,"Adalet ve Kalkınma Partisi","Candidacy (for membership)","Turkey","For (membership)","2004","GOV","Marginal","Center-Right","Utilitarian"
"29",2004-12-20,477,520,153,201,"Deniz Baykal",301,5302,553,613,53,0,0,1,0,0,0,0,0,0,0,0,0,1,"Cumhuriyet Halk Partisi","Candidacy (for membership)","Turkey","Conditional","2004","OPP","Mainstream","Center-Left","Normative"
"30",2004-12-20,716,716,153,201,"Recep Tayyip Erdoğan",302,5301,553,613,53,1,0,0,0,0,0,0,0,0,0,0,0,0,"Adalet ve Kalkınma Partisi","Candidacy (for membership)","Turkey","For (membership)","2004","GOV","Marginal","Center-Right","Neither"
"31",2004-12-24,270,270,153,201,"Ali Aydın Dumanoğlu",301,5301,553,613,53,1,1,0,0,0,1,1,0,0,0,0,0,0,"Adalet ve Kalkınma Partisi","Candidacy (for membership)","Turkey","For (membership)","2004","GOV","Marginal","Center-Right","Utilitarian"
"32",2004-12-24,443,469,153,201,"Onur Başaran Öymen",301,5302,553,613,53,0,1,1,0,1,0,0,0,0,0,0,0,1,"Cumhuriyet Halk Partisi","Candidacy (for membership)","Turkey","Conditional","2004","OPP","Mainstream","Center-Left","both"
"33",2004-12-24,704,704,153,201,"Abdullah Gül",303,5301,553,613,53,0,0,1,0,0,0,0,0,0,0,0,0,1,"Adalet ve Kalkınma Partisi","Candidacy (for membership)","Turkey","Conditional","2004","GOV","Marginal","Center-Right","Normative"
"34",2004-12-28,274,274,153,201,"Bülent Gedikli",301,5301,553,613,53,1,1,0,0,0,1,1,0,0,0,0,0,0,"Adalet ve Kalkınma Partisi","Candidacy (for membership)","Turkey","For (membership)","2004","GOV","Marginal","Center-Right","Utilitarian"
"35",2004-12-28,412,412,153,201,"Deniz Baykal",301,5302,553,613,53,0,0,1,0,0,0,0,0,0,0,0,0,1,"Cumhuriyet Halk Partisi","Candidacy (for membership)","Turkey","Conditional","2004","OPP","Mainstream","Center-Left","Normative"
"36",2004-12-29,692,692,153,201,"Hüseyin Çelik",303,5301,553,613,53,1,0,0,0,0,0,0,0,0,0,0,0,0,"Adalet ve Kalkınma Partisi","Candidacy (for membership)","Turkey","For (membership)","2004","GOV","Marginal","Center-Right","Neither"
"37",2005-03-31,1127,1127,153,201,"Cemil Çiçek",303,5301,553,613,53,1,0,0,0,0,0,0,0,0,0,0,0,0,"Adalet ve Kalkınma Partisi","Candidacy (for membership)","Turkey","For (membership)","2005","GOV","Marginal","Center-Right","Neither"
"38",2005-04-06,1366,1366,153,201,"Oğuz Oyan",301,5302,553,610,53,0,0,1,0,0,0,0,0,0,0,0,0,1,"Cumhuriyet Halk Partisi","European Union","Turkey","Conditional","2005","OPP","Mainstream","Center-Left","Normative"
"39",2005-04-20,732,743,153,201,"Haluk Koç",301,5302,553,610,53,0,1,0,1,0,0,0,0,0,0,0,0,0,"Cumhuriyet Halk Partisi","European Union","Turkey","Conditional","2005","OPP","Mainstream","Center-Left","Utilitarian"
"40",2005-04-21,175,176,153,201,"Mehmet Yıldırım",301,5302,553,610,53,2,0,1,0,0,0,0,0,0,0,0,1,0,"Cumhuriyet Halk Partisi","European Union","Turkey","Against (membership)","2005","OPP","Mainstream","Center-Left","Normative"
"41",2005-04-21,175,176,153,201,"Mehmet Yıldırım",301,5302,553,617,53,0,1,0,1,0,0,0,0,0,0,0,0,0,"Cumhuriyet Halk Partisi","Customs Union","Turkey","Conditional","2005","OPP","Mainstream","Center-Left","Utilitarian"
"42",2005-04-21,191,191,153,201,"Sami Güçlü",303,5301,553,610,53,1,1,0,0,1,0,0,0,0,0,0,0,0,"Adalet ve Kalkınma Partisi","European Union","Turkey","For (membership)","2005","GOV","Marginal","Center-Right","Utilitarian"
"43",2005-04-21,486,486,153,201,"Algan Hacaloğlu",301,5302,553,610,53,1,0,0,0,0,0,0,0,0,0,0,0,0,"Cumhuriyet Halk Partisi","European Union","Turkey","For (membership)","2005","OPP","Mainstream","Center-Left","Neither"
"44",2005-05-11,178,181,153,201,"Kemal Derviş",301,5301,553,610,53,1,1,0,0,0,1,0,0,0,0,0,0,0,"Adalet ve Kalkınma Partisi","European Union","Turkey","For (membership)","2005","GOV","Marginal","Center-Right","Utilitarian"
"45",2005-06-22,2654,2654,153,201,"Onur Başaran Öymen",301,5301,553,610,53,0,1,1,1,0,0,0,0,0,0,0,0,1,"Adalet ve Kalkınma Partisi","European Union","Turkey","Conditional","2005","GOV","Marginal","Center-Right","both"
"46",2005-06-22,688,702,153,201,"Şükrü Mustafa Elekdağ",301,5301,553,620,53,2,1,1,1,0,0,0,0,0,0,0,0,1,"Adalet ve Kalkınma Partisi","Non-member association/partnership/cooperation (unspecified)","Turkey","Against (membership)","2005","GOV","Marginal","Center-Right","both"
"47",2005-06-22,688,688,153,201,"Şükrü Mustafa Elekdağ",301,5301,553,610,53,1,0,1,0,0,0,0,0,0,0,0,0,1,"Adalet ve Kalkınma Partisi","European Union","Turkey","For (membership)","2005","GOV","Marginal","Center-Right","Normative"
"48",2005-06-22,711,711,153,201,"Ümmet Kandogan",301,5302,553,610,53,0,0,1,0,0,0,0,0,0,0,0,0,0,"Cumhuriyet Halk Partisi","European Union","Turkey","Conditional","2005","OPP","Mainstream","Center-Left","Normative"
"49",2005-06-30,2294,2294,153,201,"Osman Özcan",301,5302,553,610,53,0,1,1,0,1,0,0,0,0,1,0,0,1,"Cumhuriyet Halk Partisi","European Union","Turkey","Conditional","2005","OPP","Mainstream","Center-Left","both"
"50",2005-09-19,1776,1777,153,201,"Ümmet Kandogan",301,5302,553,610,53,0,1,1,0,0,0,1,0,0,0,0,1,0,"Cumhuriyet Halk Partisi","European Union","Turkey","Conditional","2005","OPP","Mainstream","Center-Left","both"
"51",2005-10-01,96,97,153,201,"Bülent Arınç",301,9900,553,610,53,0,1,1,0,0,0,0,0,0,0,0,1,1,"Not specified","European Union","Turkey","Conditional","2005","External","External","No Info","both"
"52",2005-10-01,230,230,153,201,"Ahmet Necdet Sezer",307,9900,553,610,53,0,0,1,0,0,0,0,0,0,0,0,0,1,"Not specified","European Union","Turkey","Conditional","2005","External","External","No Info","Normative"
"53",2005-10-05,358,358,153,201,"Abdullah Gül",303,5301,553,620,53,2,0,1,0,0,0,0,0,0,0,0,0,1,"Adalet ve Kalkınma Partisi","Non-member association/partnership/cooperation (unspecified)","Turkey","Against (membership)","2005","GOV","Marginal","Center-Right","Normative"
"54",2005-10-05,532,546,153,201,"Onur Başaran Öymen",301,5302,553,610,53,0,1,1,1,0,0,0,0,0,0,0,1,1,"Cumhuriyet Halk Partisi","European Union","Turkey","Conditional","2005","OPP","Mainstream","Center-Left","both"
"55",2005-10-05,597,603,153,201,"Şükrü Mustafa Elekdağ",301,5302,553,610,53,0,1,1,1,0,0,1,0,0,0,0,0,1,"Cumhuriyet Halk Partisi","European Union","Turkey","Conditional","2005","OPP","Mainstream","Center-Left","both"
"56",2005-10-05,646,646,153,201,"Yaşar Yakış",301,5301,553,610,53,1,0,1,0,0,0,0,0,0,0,0,0,1,"Adalet ve Kalkınma Partisi","European Union","Turkey","For (membership)","2005","GOV","Marginal","Center-Right","Normative"
"57",2005-10-11,303,303,153,201,"Mustafa Özyürek",301,5302,553,610,53,0,0,1,0,0,0,0,0,0,0,0,0,1,"Cumhuriyet Halk Partisi","European Union","Turkey","Conditional","2005","OPP","Mainstream","Center-Left","Normative"
"58",2005-10-11,616,616,153,201,"Kemal Anadol",301,5302,553,610,53,0,0,1,0,0,0,0,0,0,0,0,0,1,"Cumhuriyet Halk Partisi","European Union","Turkey","Conditional","2005","OPP","Mainstream","Center-Left","Normative"
"59",2005-10-26,581,587,153,201,"Tuncay Ercenk",301,5302,553,610,53,0,1,1,1,0,0,0,0,0,0,0,0,1,"Cumhuriyet Halk Partisi","European Union","Turkey","Conditional","2005","OPP","Mainstream","Center-Left","both"
"60",2005-11-17,555,556,153,201,"Feridun Ayvazoglu",301,5302,553,610,53,0,0,1,0,0,0,0,0,0,0,0,1,0,"Cumhuriyet Halk Partisi","European Union","Turkey","Conditional","2005","OPP","Mainstream","Center-Left","Normative"
"61",2005-12-14,188,189,153,201,"Kemal Unakıtan",303,5301,553,610,53,1,1,0,0,1,0,0,0,0,0,0,0,0,"Adalet ve Kalkınma Partisi","European Union","Turkey","For (membership)","2005","GOV","Marginal","Center-Right","Utilitarian"
"62",2005-12-14,717,723,153,201,"Deniz Baykal",301,5302,553,610,53,0,1,0,1,0,0,0,0,0,0,0,0,0,"Cumhuriyet Halk Partisi","European Union","Turkey","Conditional","2005","OPP","Mainstream","Center-Left","Utilitarian"
"63",2005-12-17,1430,141,153,201,"İnal Batu",301,5302,553,610,53,0,1,1,1,0,0,0,0,0,0,0,0,1,"Cumhuriyet Halk Partisi","European Union","Turkey","Conditional","2005","OPP","Mainstream","Center-Left","both"
"64",2005-12-27,169,172,153,201,"Alaattin Büyükkaya",301,5301,553,610,53,1,1,0,0,1,0,0,0,0,0,0,0,0,"Adalet ve Kalkınma Partisi","European Union","Turkey","For (membership)","2005","GOV","Marginal","Center-Right","Utilitarian"
"65",2005-12-27,563,563,153,201,"Erkan Mumcu",301,5306,553,610,53,0,0,1,0,0,0,0,0,0,0,0,0,1,"Anavatan Partisi","European Union","Turkey","Conditional","2005","OPP","Marginal","Center-Right","Normative"
"66",2006-01-17,542,566,153,201,"Ali Babacan",303,5301,553,610,53,1,1,0,0,0,0,1,0,0,0,0,0,0,"Adalet ve Kalkınma Partisi","European Union","Turkey","For (membership)","2006","GOV","Marginal","Center-Right","Utilitarian"
"67",2006-01-17,591,591,153,201,"Emin Şirin",301,5306,553,610,53,0,0,1,0,0,0,0,0,0,0,0,0,1,"Anavatan Partisi","European Union","Turkey","Conditional","2006","OPP","Marginal","Center-Right","Normative"
"68",2007-12-06,855,856,153,201,"Orhan Ziya Diren",301,5301,553,617,53,2,1,0,1,0,0,0,0,0,0,0,0,0,"Adalet ve Kalkınma Partisi","Customs Union","Turkey","Against (membership)","2007","GOV","Marginal","Center-Right","Utilitarian"
"69",2007-12-10,623,624,153,201,"Edip Uğur",301,5301,553,610,53,1,1,0,1,1,0,0,0,0,0,0,0,0,"Adalet ve Kalkınma Partisi","European Union","Turkey","For (membership)","2007","GOV","Marginal","Center-Right","Utilitarian"
"70",2007-12-10,631,631,153,201,"Ali Babacan",303,5301,553,610,53,1,1,0,0,1,0,1,0,0,0,0,0,0,"Adalet ve Kalkınma Partisi","European Union","Turkey","For (membership)","2007","GOV","Marginal","Center-Right","Utilitarian"
"71",2007-12-14,2388,2390,153,201,"Cemil Çiçek",303,5301,553,610,53,1,1,0,1,1,0,0,0,0,0,0,0,0,"Adalet ve Kalkınma Partisi","European Union","Turkey","For (membership)","2007","GOV","Marginal","Center-Right","Utilitarian"
"72",2008-01-03,2005,2007,153,201,"Ertuğrul Kumcuoğlu",301,5303,553,610,53,1,0,0,0,0,0,0,0,0,0,0,0,0,"Milliyetçi Hareket Partisi","European Union","Turkey","For (membership)","2008","OPP","Mainstream","Extreme-Right/Nationalist","Neither"
"73",2008-01-16,1367,1367,153,201,"Bengi Yıldız",301,5308,553,610,53,1,1,1,0,1,0,0,0,0,1,0,0,0,"Kurdish Party Family","European Union","Turkey","For (membership)","2008","OPP","Marginal","Extreme-Left","both"
"74",2008-01-16,2944,2944,153,201,"Mahmut Durdu",301,5301,553,900,53,2,0,1,0,0,0,0,0,0,0,0,1,0,"Adalet ve Kalkınma Partisi","Europe – Belonging","Turkey","Against (membership)","2008","GOV","Marginal","Center-Right","Normative"
"75",2008-01-23,1664,1697,153,201,"Onur Başaran Öymen",301,5302,553,610,53,1,0,1,0,0,0,0,0,1,0,0,0,0,"Cumhuriyet Halk Partisi","European Union","Turkey","For (membership)","2008","OPP","Mainstream","Center-Left","Normative"
"76",2008-01-23,1847,1954,153,201,"Şükrü Mustafa Elekdağ",301,5302,553,726,53,1,1,0,1,1,1,0,0,0,0,0,0,0,"Cumhuriyet Halk Partisi","Organization of the Black Sea Economic Cooperation - Membership","Turkey","For (membership)","2008","OPP","Mainstream","Center-Left","Utilitarian"
"77",2008-01-23,1929,1937,153,201,"Şükrü Mustafa Elekdağ",301,5302,553,811,27,2,1,0,0,0,1,0,0,0,0,0,0,0,"Cumhuriyet Halk Partisi","NATO - Membership Action Plan (Formal candidacy)","Georgia","Against (membership)","2008","OPP","Mainstream","Center-Left","Utilitarian"
"78",2008-01-23,1929,1937,153,201,"Şükrü Mustafa Elekdağ",301,5302,553,811,55,2,1,0,0,0,1,0,0,0,0,0,0,0,"Cumhuriyet Halk Partisi","NATO - Membership Action Plan (Formal candidacy)","Ukraine","Against (membership)","2008","OPP","Mainstream","Center-Left","Utilitarian"
"79",2008-01-23,1990,2021,153,201,"Reşat Doğru",301,5303,553,726,53,1,1,0,1,0,1,0,0,0,0,0,0,0,"Milliyetçi Hareket Partisi","Organization of the Black Sea Economic Cooperation - Membership","Turkey","For (membership)","2008","OPP","Mainstream","Extreme-Right/Nationalist","Utilitarian"
"80",2008-01-23,2017,2036,153,201,"Reşat Doğru",301,5303,553,910,53,1,1,0,1,0,1,0,0,0,0,0,0,0,"Milliyetçi Hareket Partisi","Eurasia (incl. Asia, multi-polar world view) – Belonging","Turkey","For (membership)","2008","OPP","Mainstream","Extreme-Right/Nationalist","Utilitarian"
"81",2008-01-29,1394,1405,153,201,"Mehmet Şandır",301,5303,553,610,53,2,0,1,0,0,0,0,0,0,0,0,0,1,"Milliyetçi Hareket Partisi","European Union","Turkey","Against (membership)","2008","OPP","Mainstream","Extreme-Right/Nationalist","Normative"
"82",2008-01-31,1593,1597,153,201,"Faruk Bal",301,5303,553,610,53,2,0,0,0,0,0,0,0,0,0,0,0,0,"Milliyetçi Hareket Partisi","European Union","Turkey","Against (membership)","2008","OPP","Mainstream","Extreme-Right/Nationalist","Neither"
"83",2008-01-31,1701,1715,153,201,"Mehmet Şandır",301,5303,553,610,53,2,0,1,0,0,0,0,0,0,0,0,1,0,"Milliyetçi Hareket Partisi","European Union","Turkey","Against (membership)","2008","OPP","Mainstream","Extreme-Right/Nationalist","Normative"
"84",2008-01-31,2230,2232,153,201,"Abdülkadir Akcan",301,5303,553,610,53,0,0,1,0,0,0,0,0,0,0,0,1,0,"Milliyetçi Hareket Partisi","European Union","Turkey","Conditional","2008","OPP","Mainstream","Extreme-Right/Nationalist","Normative"
"85",2008-01-31,2253,2253,153,201,"Faruk Bal",301,5303,553,610,53,0,0,1,0,0,0,0,0,0,0,0,1,0,"Milliyetçi Hareket Partisi","European Union","Turkey","Conditional","2008","OPP","Mainstream","Extreme-Right/Nationalist","Normative"
"86",2008-03-04,2060,2061,153,201,"İbrahim Binici",301,5308,553,610,53,1,1,1,0,1,0,0,0,0,1,0,0,0,"Kurdish Party Family","European Union","Turkey","For (membership)","2008","OPP","Marginal","Extreme-Left","both"
"87",2008-03-05,392,399,153,201,"Emin Nedim Öztürk",301,5301,553,610,53,1,1,0,0,1,0,0,0,0,0,0,0,0,"Adalet ve Kalkınma Partisi","European Union","Turkey","For (membership)","2008","GOV","Marginal","Center-Right","Utilitarian"
"88",2008-03-05,2855,2857,153,201,"Mehmet Nezir Karabaş",301,5308,553,610,53,1,1,1,0,1,0,0,0,0,1,0,0,0,"Kurdish Party Family","European Union","Turkey","For (membership)","2008","OPP","Marginal","Extreme-Left","both"
"89",2008-03-12,1277,1277,153,201,"Tansel Barış",301,5302,553,610,53,1,0,0,0,0,0,0,0,0,0,0,0,0,"Cumhuriyet Halk Partisi","European Union","Turkey","For (membership)","2008","OPP","Mainstream","Center-Left","Neither"
"90",2008-03-13,1068,1070,153,201,"Hasip Kaplan",301,5308,553,610,53,1,0,1,0,0,0,0,0,0,1,0,0,0,"Kurdish Party Family","European Union","Turkey","For (membership)","2008","OPP","Marginal","Extreme-Left","Normative"
"91",2008-03-18,3322,3324,153,201,"Mümin İnan",301,5303,553,610,53,1,1,0,1,0,0,0,0,0,0,0,0,0,"Milliyetçi Hareket Partisi","European Union","Turkey","For (membership)","2008","OPP","Mainstream","Extreme-Right/Nationalist","Utilitarian"
"92",2008-03-19,2199,2201,153,201,"Mehmet S. Tekelioğlu",301,5301,553,610,53,1,0,0,0,0,0,0,0,0,0,0,0,0,"Adalet ve Kalkınma Partisi","European Union","Turkey","For (membership)","2008","GOV","Marginal","Center-Right","Neither"
"93",2008-04-01,2480,2482,153,201,"Kamer Genç",301,5305,553,610,53,2,0,1,0,0,0,0,0,0,0,0,1,0,"Bağımsızlar","European Union","Turkey","Against (membership)","2008","OPP","Marginal","No Info","Normative"
"94",2008-04-03,1755,1759,153,201,"Orhan Ziya Diren",301,5302,553,610,53,1,0,0,0,0,0,0,0,0,0,0,0,0,"Cumhuriyet Halk Partisi","European Union","Turkey","For (membership)","2008","OPP","Mainstream","Center-Left","Neither"
"95",2008-04-10,2328,2330,153,201,"Jose Manuel Barroso",304,9900,544,810,53,1,1,0,0,0,0,1,0,0,0,0,0,0,"Not specified","NATO – Membership","Turkey","For (membership)","2008","External","External","No Info","Utilitarian"
"96",2008-04-10,2328,2402,153,201,"Jose Manuel Barroso",304,9900,544,610,53,0,1,0,1,0,0,0,0,0,0,0,0,0,"Not specified","European Union","Turkey","Conditional","2008","External","External","No Info","Utilitarian"
"97",2008-04-10,2354,2354,153,201,"Jose Manuel Barroso",304,9900,544,610,10,1,1,0,0,0,1,0,0,0,0,0,0,0,"Not specified","European Union","General","For (membership)","2008","External","External","No Info","Utilitarian"
"98",2008-04-10,2387,2387,153,201,"Jose Manuel Barroso",304,9900,544,900,20,0,1,0,1,0,0,0,0,0,0,0,0,0,"Not specified","Europe – Belonging","Cyprus","Conditional","2008","External","External","No Info","Utilitarian"
"99",2008-04-23,273,273,153,201,"Recep Tayyip Erdoğan",302,5301,553,610,53,1,1,0,0,1,0,0,0,0,0,0,0,0,"Adalet ve Kalkınma Partisi","European Union","Turkey","For (membership)","2008","GOV","Marginal","Center-Right","Utilitarian"
"100",2008-04-29,2085,2085,153,201,"Bekir Bozdağ",301,5301,553,610,53,1,0,0,0,0,0,0,0,0,0,0,0,0,"Adalet ve Kalkınma Partisi","European Union","Turkey","For (membership)","2008","GOV","Marginal","Center-Right","Neither"
"101",2008-04-29,3384,3384,153,201,"Mehmet Şandır",301,5303,553,610,53,2,0,0,0,0,0,0,0,0,0,0,0,0,"Milliyetçi Hareket Partisi","European Union","Turkey","Against (membership)","2008","OPP","Mainstream","Extreme-Right/Nationalist","Neither"
"102",2008-05-08,3011,3015,153,201,"Yılmaz Tankut",301,5303,553,610,53,2,0,1,0,0,0,0,0,0,0,0,0,1,"Milliyetçi Hareket Partisi","European Union","Turkey","Against (membership)","2008","OPP","Mainstream","Extreme-Right/Nationalist","Normative"
"103",2008-05-09,1719,1720,153,201,"Mehmet Ocakden",301,5301,553,610,53,1,1,1,0,1,1,0,0,0,1,0,0,0,"Adalet ve Kalkınma Partisi","European Union","Turkey","For (membership)","2008","GOV","Marginal","Center-Right","both"
"104",2008-05-14,2462,2464,153,201,"Canan Arıtman",301,5302,553,610,53,1,1,1,1,0,0,0,0,0,1,0,0,0,"Cumhuriyet Halk Partisi","European Union","Turkey","For (membership)","2008","OPP","Mainstream","Center-Left","both"
"105",2008-06-10,2710,2714,153,201,"Mehmet Şandır",301,5303,553,610,53,1,0,1,0,0,0,0,0,0,1,0,0,0,"Milliyetçi Hareket Partisi","European Union","Turkey","For (membership)","2008","OPP","Mainstream","Extreme-Right/Nationalist","Normative"
"106",2008-06-11,3050,3050,153,201,"Bayram Ali Bayramoğlu",301,5301,553,610,53,1,1,0,1,0,0,0,0,0,0,0,0,0,"Adalet ve Kalkınma Partisi","European Union","Turkey","For (membership)","2008","GOV","Marginal","Center-Right","Utilitarian"
"107",2008-06-11,3082,3088,153,201,"Sadık Badak",301,5301,553,610,53,1,1,1,0,0,1,0,0,1,0,0,0,0,"Adalet ve Kalkınma Partisi","European Union","Turkey","For (membership)","2008","GOV","Marginal","Center-Right","both"
"108",2008-07-01,1859,1861,153,201,"Yılmaz Tunç",301,5301,553,610,53,1,1,1,0,1,0,0,0,0,1,0,0,0,"Adalet ve Kalkınma Partisi","European Union","Turkey","For (membership)","2008","GOV","Marginal","Center-Right","both"
"109",2008-07-02,2187,2188,153,201,"Mithat Melen",301,5303,553,610,53,1,1,0,1,0,1,0,0,0,0,0,0,0,"Milliyetçi Hareket Partisi","European Union","Turkey","For (membership)","2008","OPP","Mainstream","Extreme-Right/Nationalist","Utilitarian"
"110",2008-07-08,312,319,153,201,"Algan Hacaloğlu",301,5302,553,610,53,1,0,1,0,0,0,0,0,0,1,0,0,0,"Cumhuriyet Halk Partisi","European Union","Turkey","For (membership)","2008","OPP","Mainstream","Center-Left","Normative"
"111",2008-07-08,1042,1042,153,201,"Erol Aslan Cebeci",301,5301,553,810,53,1,1,0,0,0,1,0,0,0,0,0,0,0,"Adalet ve Kalkınma Partisi","NATO – Membership","Turkey","For (membership)","2008","GOV","Marginal","Center-Right","Utilitarian"
"112",2008-07-08,1042,1042,153,201,"Erol Aslan Cebeci",301,5301,553,610,53,1,1,0,0,0,1,0,0,0,0,0,0,0,"Adalet ve Kalkınma Partisi","European Union","Turkey","For (membership)","2008","GOV","Marginal","Center-Right","Utilitarian"
"113",2008-10-01,833,833,153,201,"Köksal Toptan",301,5301,553,610,53,1,1,1,0,1,0,0,0,0,1,0,0,0,"Adalet ve Kalkınma Partisi","European Union","Turkey","For (membership)","2008","GOV","Marginal","Center-Right","both"
"114",2008-10-01,864,932,153,201,"Abdullah Gül",310,5301,553,610,53,1,1,0,1,1,0,0,0,0,0,0,0,0,"Adalet ve Kalkınma Partisi","European Union","Turkey","For (membership)","2008","GOV","Marginal","Center-Right","Utilitarian"
"115",2008-10-16,1902,1902,153,201,"Kayhan Türkmenoğlu",301,5301,553,610,53,1,1,0,1,0,0,0,0,0,0,0,0,0,"Adalet ve Kalkınma Partisi","European Union","Turkey","For (membership)","2008","GOV","Marginal","Center-Right","Utilitarian"
"116",2008-11-12,1954,1956,153,201,"Kürşad Tüzmen",303,5301,553,610,53,1,0,1,0,0,0,0,0,1,0,0,0,0,"Adalet ve Kalkınma Partisi","European Union","Turkey","For (membership)","2008","GOV","Marginal","Center-Right","Normative"
"117",2008-11-25,3372,3440,153,201,"Kürşat Atılgan",301,5303,553,810,11,1,1,0,0,0,1,1,0,0,0,0,0,0,"Milliyetçi Hareket Partisi","NATO – Membership","Albania","For (membership)","2008","OPP","Mainstream","Extreme-Right/Nationalist","Utilitarian"
"118",2008-11-25,3372,3373,153,201,"Kürşat Atılgan",301,5303,553,810,19,1,1,0,0,0,1,1,0,0,0,0,0,0,"Milliyetçi Hareket Partisi","NATO – Membership","Croatia","For (membership)","2008","OPP","Mainstream","Extreme-Right/Nationalist","Utilitarian"
"119",2008-11-25,3372,3395,153,201,"Kürşat Atılgan",301,5303,553,810,53,1,1,0,0,0,1,1,0,0,0,0,0,0,"Milliyetçi Hareket Partisi","NATO – Membership","Turkey","For (membership)","2008","OPP","Mainstream","Extreme-Right/Nationalist","Utilitarian"
"120",2008-11-25,3391,3395,153,201,"Kürşat Atılgan",301,5303,553,620,53,1,1,0,0,0,1,0,0,0,0,0,0,0,"Milliyetçi Hareket Partisi","Non-member association/partnership/cooperation (unspecified)","Turkey","For (membership)","2008","OPP","Mainstream","Extreme-Right/Nationalist","Utilitarian"
"121",2008-12-03,1566,1566,153,201,"Hasip Kaplan",301,5305,553,617,53,2,1,0,1,0,1,0,0,0,0,0,0,0,"Bağımsızlar","Customs Union","Turkey","Against (membership)","2008","OPP","Marginal","No Info","Utilitarian"
"122",2008-12-03,4706,4717,153,201,"Onur Başaran Öymen",301,5302,553,610,53,1,1,0,1,0,1,0,0,0,0,0,0,0,"Cumhuriyet Halk Partisi","European Union","Turkey","For (membership)","2008","OPP","Mainstream","Center-Left","Utilitarian"
"123",2008-12-23,3755,3755,153,201,"Suat Kınıklıoğlu",301,5301,553,610,53,1,0,0,0,0,0,0,0,0,0,0,0,0,"Adalet ve Kalkınma Partisi","European Union","Turkey","For (membership)","2008","GOV","Marginal","Center-Right","Neither"
"124",2008-12-23,3814,3817,153,201,"Abdullah Çalışkan",301,5301,553,610,53,1,1,1,1,1,0,0,0,0,1,0,0,0,"Adalet ve Kalkınma Partisi","European Union","Turkey","For (membership)","2008","GOV","Marginal","Center-Right","both"
"125",2008-12-23,4060,4060,153,201,"Egemen Bağış",301,5301,553,610,53,1,0,0,0,0,0,0,0,0,0,0,0,0,"Adalet ve Kalkınma Partisi","European Union","Turkey","For (membership)","2008","GOV","Marginal","Center-Right","Neither"
"126",2009-01-21,1979,2002,153,201,"Cemaleddin Uslu",301,5303,553,610,53,1,0,1,0,0,0,0,0,0,1,0,0,0,"Milliyetçi Hareket Partisi","European Union","Turkey","For (membership)","2009","OPP","Mainstream","Extreme-Right/Nationalist","Normative"
"127",2009-01-22,2059,2062,153,201,"Zafer Çağlayan",301,5301,553,610,53,1,1,1,1,0,0,0,0,0,1,0,0,0,"Adalet ve Kalkınma Partisi","European Union","Turkey","For (membership)","2009","GOV","Marginal","Center-Right","both"
"128",2009-01-28,720,732,153,201,"Akif Ekici",301,5302,553,610,53,1,0,1,0,0,0,0,0,0,1,0,0,0,"Cumhuriyet Halk Partisi","European Union","Turkey","For (membership)","2009","OPP","Mainstream","Center-Left","Normative"
"129",2009-01-29,3389,3402,153,201,"Behiç Çelik",301,5303,553,900,53,1,0,1,0,0,0,0,0,1,0,0,0,0,"Milliyetçi Hareket Partisi","Europe – Belonging","Turkey","For (membership)","2009","OPP","Mainstream","Extreme-Right/Nationalist","Normative"
"130",2009-02-04,1350,1355,153,201,"Mustafa Kalaycı",301,5303,553,610,53,1,1,0,1,0,0,0,0,0,0,0,0,0,"Milliyetçi Hareket Partisi","European Union","Turkey","For (membership)","2009","OPP","Mainstream","Extreme-Right/Nationalist","Utilitarian"
"131",2009-02-04,4544,4556,153,201,"Hasip Kaplan",301,5308,553,610,53,0,0,1,0,0,0,0,0,0,0,0,0,1,"Kurdish Party Family","European Union","Turkey","Conditional","2009","OPP","Marginal","Extreme-Left","Normative"
"132",2009-02-05,1051,1053,153,201,"Mehmet Ali Şahin",301,5301,553,610,53,1,1,0,0,1,0,0,0,0,0,0,0,0,"Adalet ve Kalkınma Partisi","European Union","Turkey","For (membership)","2009","GOV","Marginal","Center-Right","Utilitarian"
"133",2009-02-05,3164,3175,153,201,"Süleyman Nevzat Korkmaz",301,5303,553,610,53,2,0,1,0,0,0,0,0,0,0,0,1,1,"Milliyetçi Hareket Partisi","European Union","Turkey","Against (membership)","2009","OPP","Mainstream","Extreme-Right/Nationalist","Normative"
"134",2009-02-05,5230,5236,153,201,"Zekeriya Akıncı",301,5302,553,610,53,2,1,1,1,0,0,0,0,0,0,0,0,1,"Cumhuriyet Halk Partisi","European Union","Turkey","Against (membership)","2009","OPP","Mainstream","Center-Left","both"
"135",2009-02-05,5393,5412,153,201,"Ahmet Duran Bulut",301,5303,553,610,53,0,0,1,0,0,0,0,0,0,0,0,0,1,"Milliyetçi Hareket Partisi","European Union","Turkey","Conditional","2009","OPP","Mainstream","Extreme-Right/Nationalist","Normative"
"136",2009-02-10,4515,4516,153,201,"Mustafa Şükrü Elekdağ",301,5302,553,610,53,1,0,1,0,0,0,0,0,0,1,0,0,0,"Cumhuriyet Halk Partisi","European Union","Turkey","For (membership)","2009","OPP","Mainstream","Center-Left","Normative"
"137",2009-02-10,6775,6793,153,201,"Nevin Gaye Erbatur",301,5302,553,610,53,1,0,1,0,0,0,0,0,0,1,0,0,0,"Cumhuriyet Halk Partisi","European Union","Turkey","For (membership)","2009","OPP","Mainstream","Center-Left","Normative"
"138",2009-02-10,7688,7693,153,201,"Ayşe Jale Ağırbaş",301,5302,553,610,53,1,0,1,0,0,0,0,0,0,1,0,0,0,"Cumhuriyet Halk Partisi","European Union","Turkey","For (membership)","2009","OPP","Mainstream","Center-Left","Normative"
"139",2009-02-11,2982,2991,153,201,"Pervin Buldan",301,5304,553,610,53,1,0,1,0,0,0,0,0,0,1,0,0,0,"Kurdish Party Family","European Union","Turkey","For (membership)","2009","OPP","Marginal","Extreme-Left","Normative"
"140",2009-02-11,3192,3201,153,201,"Dilek Yüksel",301,5301,553,610,53,1,0,1,0,0,0,0,0,0,1,0,0,0,"Adalet ve Kalkınma Partisi","European Union","Turkey","For (membership)","2009","GOV","Marginal","Center-Right","Normative"
"141",2009-02-11,9245,9257,153,201,"Azize Sibel Gönül",301,5301,553,610,53,1,0,1,0,0,0,0,0,0,1,0,0,0,"Adalet ve Kalkınma Partisi","European Union","Turkey","For (membership)","2009","GOV","Marginal","Center-Right","Normative"
"142",2009-04-06,1349,1363,153,201,"Barack Obama",307,9900,NA,610,53,1,0,1,0,0,0,0,0,0,1,0,0,0,"Not specified","European Union","Turkey","For (membership)","2009","External","External","No Info","Normative"
"143",2009-04-07,1912,1922,153,201,"Cemaleddin Uslu",301,5303,553,610,53,1,1,0,0,0,1,0,0,0,0,0,0,0,"Milliyetçi Hareket Partisi","European Union","Turkey","For (membership)","2009","OPP","Mainstream","Extreme-Right/Nationalist","Utilitarian"
"144",2009-04-14,2190,2195,153,201,"Mithat Melen",301,5303,553,610,53,0,1,0,1,0,0,0,0,0,0,0,0,0,"Milliyetçi Hareket Partisi","European Union","Turkey","Conditional","2009","OPP","Mainstream","Extreme-Right/Nationalist","Utilitarian"
"145",2009-04-23,290,298,153,201,"Köksal Toptan",301,5301,553,610,53,1,1,1,0,0,1,0,0,0,1,0,0,0,"Adalet ve Kalkınma Partisi","European Union","Turkey","For (membership)","2009","GOV","Marginal","Center-Right","both"
"146",2009-04-23,426,429,153,201,"Recep Tayyip Erdoğan",302,5301,553,610,53,1,1,0,1,1,0,0,0,0,0,0,0,0,"Adalet ve Kalkınma Partisi","European Union","Turkey","For (membership)","2009","GOV","Marginal","Center-Right","Utilitarian"
"147",2009-04-23,438,441,153,201,"Recep Tayyip Erdoğan",302,5301,553,610,53,1,1,0,0,0,1,0,0,0,0,0,0,0,"Adalet ve Kalkınma Partisi","European Union","Turkey","For (membership)","2009","GOV","Marginal","Center-Right","Utilitarian"
"148",2009-04-23,1168,1173,153,201,"Hasan Erçelebi",301,5302,553,620,53,2,0,1,0,0,0,0,0,0,0,0,0,1,"Cumhuriyet Halk Partisi","Non-member association/partnership/cooperation (unspecified)","Turkey","Against (membership)","2009","OPP","Mainstream","Center-Left","Normative"
"149",2009-05-07,2075,2080,153,201,"Sevahir Bayındır",301,5304,553,610,53,1,1,1,0,1,0,0,0,0,1,0,0,0,"Kurdish Party Family","European Union","Turkey","For (membership)","2009","OPP","Marginal","Extreme-Left","both"
"150",2009-05-12,2602,2612,153,201,"Aníbal Cavaco Silva",307,9900,544,610,53,1,1,0,0,0,1,0,0,0,0,1,0,0,"Not specified","European Union","Turkey","For (membership)","2009","External","External","No Info","Utilitarian"
"151",2009-05-12,2619,2624,153,201,"Aníbal Cavaco Silva",307,9900,544,610,53,1,1,0,0,0,1,0,0,0,0,0,0,0,"Not specified","European Union","Turkey","For (membership)","2009","External","External","No Info","Utilitarian"
"152",2009-05-12,2625,2631,153,201,"Aníbal Cavaco Silva",307,9900,544,610,53,1,1,0,0,1,1,0,0,0,0,0,0,0,"Not specified","European Union","Turkey","For (membership)","2009","External","External","No Info","Utilitarian"
"153",2009-05-14,5612,5615,153,201,"Onur Başaran Öymen",301,5302,553,900,53,1,0,0,0,0,0,0,0,0,0,0,0,0,"Cumhuriyet Halk Partisi","Europe – Belonging","Turkey","For (membership)","2009","OPP","Mainstream","Center-Left","Neither"
"154",2009-05-28,6554,6571,153,201,"Beşir Atalay",303,5301,553,610,53,1,1,0,0,1,0,0,0,0,0,0,0,0,"Adalet ve Kalkınma Partisi","European Union","Turkey","For (membership)","2009","GOV","Marginal","Center-Right","Utilitarian"
"155",2009-06-03,801,816,153,201,"Mehmet Nezir Karabaş",301,5304,553,610,53,1,0,1,0,0,0,0,0,0,1,0,0,0,"Kurdish Party Family","European Union","Turkey","For (membership)","2009","OPP","Marginal","Extreme-Left","Normative"
"156",2009-06-10,3527,3546,153,201,"Mustafa Şükrü Elekdağ",301,5302,553,610,53,1,1,0,1,1,0,0,0,0,0,0,0,0,"Cumhuriyet Halk Partisi","European Union","Turkey","For (membership)","2009","OPP","Mainstream","Center-Left","Utilitarian"
"157",2009-06-10,3769,3775,153,201,"Lütfi Elvan",301,5301,553,610,53,1,1,0,0,1,0,0,0,0,0,0,0,0,"Adalet ve Kalkınma Partisi","European Union","Turkey","For (membership)","2009","GOV","Marginal","Center-Right","Utilitarian"
"158",2009-06-10,7197,7203,153,201,"Ertuğrul Kumcuoğlu",301,5303,553,610,53,2,0,0,0,0,0,0,0,0,0,0,0,0,"Milliyetçi Hareket Partisi","European Union","Turkey","Against (membership)","2009","OPP","Mainstream","Extreme-Right/Nationalist","Neither"
"159",2009-06-16,3925,3933,153,201,"Hasan Erçelebi",301,5302,553,610,53,1,1,0,1,0,0,0,0,0,0,0,0,0,"Cumhuriyet Halk Partisi","European Union","Turkey","For (membership)","2009","OPP","Mainstream","Center-Left","Utilitarian"
"160",2009-06-16,7435,7447,153,201,"Derviş Günday",301,5302,553,610,53,0,0,1,0,0,0,0,0,0,0,0,0,1,"Cumhuriyet Halk Partisi","European Union","Turkey","Conditional","2009","OPP","Mainstream","Center-Left","Normative"
"161",2009-06-16,7460,7468,153,201,"Derviş Günday",301,5302,553,610,53,0,0,1,0,0,0,0,0,0,0,0,0,1,"Cumhuriyet Halk Partisi","European Union","Turkey","Conditional","2009","OPP","Mainstream","Center-Left","Normative"
"162",2009-06-17,6785,6798,153,201,"Cevdet Yılmaz",303,5301,553,610,53,1,0,0,0,0,0,0,0,0,0,0,0,0,"Adalet ve Kalkınma Partisi","European Union","Turkey","For (membership)","2009","GOV","Marginal","Center-Right","Neither"
"163",2009-06-18,3734,3741,153,201,"Emin Haluk Ayhan",301,5303,553,620,53,1,1,0,1,1,0,0,0,0,0,0,0,0,"Milliyetçi Hareket Partisi","Non-member association/partnership/cooperation (unspecified)","Turkey","For (membership)","2009","OPP","Mainstream","Extreme-Right/Nationalist","Utilitarian"
"164",2009-06-18,4376,4381,153,201,"Recep Taner",301,5301,553,617,53,2,1,0,1,0,0,0,0,0,0,0,0,0,"Adalet ve Kalkınma Partisi","Customs Union","Turkey","Against (membership)","2009","GOV","Marginal","Center-Right","Utilitarian"
"165",2009-06-18,4533,4548,153,201,"Hayati Yazıcı",303,5301,553,617,53,0,1,0,1,0,0,0,0,0,0,0,0,0,"Adalet ve Kalkınma Partisi","Customs Union","Turkey","Conditional","2009","GOV","Marginal","Center-Right","Utilitarian"
"166",2009-06-18,4667,4716,153,201,"Ferit Mevlüt Aslanoğlu",301,5302,553,617,53,2,1,1,1,0,0,0,0,0,0,0,1,0,"Cumhuriyet Halk Partisi","Customs Union","Turkey","Against (membership)","2009","OPP","Mainstream","Center-Left","both"
"167",2009-06-18,4815,4829,153,201,"Münir Kutluata",301,5303,553,610,53,0,1,0,1,0,0,0,0,0,0,0,0,0,"Milliyetçi Hareket Partisi","European Union","Turkey","Conditional","2009","OPP","Mainstream","Extreme-Right/Nationalist","Utilitarian"
"168",2009-06-18,4830,4872,153,201,"Münir Kutluata",301,5303,553,617,53,0,1,0,1,0,0,0,0,0,0,0,0,0,"Milliyetçi Hareket Partisi","Customs Union","Turkey","Conditional","2009","OPP","Mainstream","Extreme-Right/Nationalist","Utilitarian"
"169",2009-06-18,5239,5248,153,201,"Gürol Ergin",301,5302,553,620,53,2,1,0,1,0,0,0,0,0,0,0,0,0,"Cumhuriyet Halk Partisi","Non-member association/partnership/cooperation (unspecified)","Turkey","Against (membership)","2009","OPP","Mainstream","Center-Left","Utilitarian"
"170",2009-06-18,5249,5269,153,201,"Gürol Ergin",301,5302,553,617,53,0,1,0,1,0,0,0,0,0,0,0,0,0,"Cumhuriyet Halk Partisi","Customs Union","Turkey","Conditional","2009","OPP","Mainstream","Center-Left","Utilitarian"
"171",2009-06-24,6766,6777,153,201,"Onur Başaran Öymen",301,5302,553,610,53,0,0,1,0,0,0,0,0,0,1,0,0,0,"Cumhuriyet Halk Partisi","European Union","Turkey","Conditional","2009","OPP","Mainstream","Center-Left","Normative"
"172",2009-06-24,6822,6843,153,201,"Onur Başaran Öymen",301,5302,553,610,53,1,0,1,0,0,0,0,0,0,1,0,0,0,"Cumhuriyet Halk Partisi","European Union","Turkey","For (membership)","2009","OPP","Mainstream","Center-Left","Normative"
"173",2009-06-24,7023,7029,153,201,"Onur Başaran Öymen",301,5302,553,900,53,1,0,1,0,0,0,0,0,1,0,0,0,0,"Cumhuriyet Halk Partisi","Europe – Belonging","Turkey","For (membership)","2009","OPP","Mainstream","Center-Left","Normative"
"174",2009-06-24,7096,7107,153,201,"Ahmet Deniz Bölükbaşı",301,5303,553,610,53,0,0,1,0,0,0,0,0,0,0,0,0,1,"Milliyetçi Hareket Partisi","European Union","Turkey","Conditional","2009","OPP","Mainstream","Extreme-Right/Nationalist","Normative"
"175",2009-06-24,7145,7173,153,201,"Ahmet Deniz Bölükbaşı",301,5303,553,620,53,2,0,1,0,0,0,0,0,0,0,0,0,1,"Milliyetçi Hareket Partisi","Non-member association/partnership/cooperation (unspecified)","Turkey","Against (membership)","2009","OPP","Mainstream","Extreme-Right/Nationalist","Normative"
"176",2009-06-24,7601,7619,153,201,"Hasip Kaplan",301,5304,553,610,53,1,0,1,0,0,0,0,0,0,1,0,0,0,"Kurdish Party Family","European Union","Turkey","For (membership)","2009","OPP","Marginal","Extreme-Left","Normative"
"177",2009-06-24,7696,7714,153,201,"Hüseyin Pazarcı",301,5302,553,620,53,2,0,1,0,0,0,0,0,0,0,0,0,1,"Cumhuriyet Halk Partisi","Non-member association/partnership/cooperation (unspecified)","Turkey","Against (membership)","2009","OPP","Mainstream","Center-Left","Normative"
"178",2009-06-24,8052,8074,153,201,"Egemen Bağış",303,5301,553,610,53,1,1,0,0,1,0,0,0,0,0,0,0,0,"Adalet ve Kalkınma Partisi","European Union","Turkey","For (membership)","2009","GOV","Marginal","Center-Right","Utilitarian"
"179",2009-06-24,8254,8269,153,201,"Algan Hacaloğlu",301,5302,553,610,53,0,0,1,0,0,0,0,0,0,0,0,1,1,"Cumhuriyet Halk Partisi","European Union","Turkey","Conditional","2009","OPP","Mainstream","Center-Left","Normative"
"180",2009-06-24,8299,8306,153,201,"Suat Kınıklıoğlu",301,5301,553,610,53,1,1,1,0,0,1,0,0,0,1,0,0,0,"Adalet ve Kalkınma Partisi","European Union","Turkey","For (membership)","2009","GOV","Marginal","Center-Right","both"
"181",2009-06-24,8329,8401,153,201,"Suat Kınıklıoğlu",301,5301,553,610,53,1,1,0,0,1,0,0,0,0,0,0,0,0,"Adalet ve Kalkınma Partisi","European Union","Turkey","For (membership)","2009","GOV","Marginal","Center-Right","Utilitarian"
"182",2009-06-24,8871,8886,153,201,"Mustafa Şükrü Elekdağ",301,5302,553,610,53,0,0,1,0,0,0,0,0,0,0,0,0,1,"Cumhuriyet Halk Partisi","European Union","Turkey","Conditional","2009","OPP","Mainstream","Center-Left","Normative"
"183",2009-06-25,8431,8436,153,201,"Hamit Geylani",301,5304,553,610,53,1,0,1,0,0,0,0,0,0,1,0,0,0,"Kurdish Party Family","European Union","Turkey","For (membership)","2009","OPP","Marginal","Extreme-Left","Normative"
"184",2009-10-01,6304,6314,153,201,"Mehmet Ali Şahin",301,5301,553,610,53,1,0,1,0,0,0,0,0,0,1,0,0,0,"Adalet ve Kalkınma Partisi","European Union","Turkey","For (membership)","2009","GOV","Marginal","Center-Right","Normative"
"185",2009-10-01,6766,6788,153,201,"Mehmet Ali Şahin",301,5301,553,610,53,1,1,0,1,1,0,0,0,0,0,0,0,0,"Adalet ve Kalkınma Partisi","European Union","Turkey","For (membership)","2009","GOV","Marginal","Center-Right","Utilitarian"
"186",2009-10-06,3010,3015,153,201,"Mevlüt Çavuşoğlu",301,5301,553,610,53,1,1,1,0,1,0,0,0,0,1,0,0,0,"Adalet ve Kalkınma Partisi","European Union","Turkey","For (membership)","2009","GOV","Marginal","Center-Right","both"
"187",2009-10-07,2538,2555,153,201,"Hamit Geylani",301,5304,553,610,53,1,0,1,0,0,0,0,0,0,1,0,0,0,"Kurdish Party Family","European Union","Turkey","For (membership)","2009","OPP","Marginal","Extreme-Left","Normative"
"188",2009-10-08,2400,2418,153,201,"Cemil Çiçek",303,5301,553,610,53,0,1,1,0,1,0,0,0,0,0,0,0,1,"Adalet ve Kalkınma Partisi","European Union","Turkey","Conditional","2009","GOV","Marginal","Center-Right","both"
"189",2009-10-21,4236,4241,153,201,"Ahmet Türk",301,5304,553,610,53,1,0,1,0,0,0,0,0,0,1,0,0,0,"Kurdish Party Family","European Union","Turkey","For (membership)","2009","OPP","Marginal","Extreme-Left","Normative"
"190",2009-10-22,2438,2447,153,201,"Nursultan Nazarbayev",307,9900,NA,610,53,1,1,0,0,0,1,0,0,0,0,0,0,0,"Not specified","European Union","Turkey","For (membership)","2009","External","External","No Info","Utilitarian"
"191",2009-10-22,2935,2949,153,201,"Ahmet Türk",301,5304,553,610,53,1,0,1,0,0,0,0,0,0,1,0,0,0,"Kurdish Party Family","European Union","Turkey","For (membership)","2009","OPP","Marginal","Extreme-Left","Normative"
"192",2009-10-22,5426,5438,153,201,"Gültan Kışanak",301,5304,553,610,53,1,0,1,0,0,0,0,0,0,1,0,0,0,"Kurdish Party Family","European Union","Turkey","For (membership)","2009","OPP","Marginal","Extreme-Left","Normative"
"193",2009-11-04,7924,7938,153,201,"Ali Uzunırmak",301,5303,553,610,53,0,0,1,0,0,0,0,0,0,0,0,0,1,"Milliyetçi Hareket Partisi","European Union","Turkey","Conditional","2009","OPP","Mainstream","Extreme-Right/Nationalist","Normative"
"194",2009-11-10,6385,6393,153,201,"Gültan Kışanak",301,5304,553,610,53,1,1,1,0,1,0,0,0,0,1,0,0,0,"Kurdish Party Family","European Union","Turkey","For (membership)","2009","OPP","Marginal","Extreme-Left","both"
"195",2009-11-12,4191,4197,153,201,"Kemal Kılıçdaroğlu",301,5302,553,610,53,0,0,1,0,0,0,0,0,0,1,0,0,1,"Cumhuriyet Halk Partisi","European Union","Turkey","Conditional","2009","OPP","Mainstream","Center-Left","Normative"
"196",2009-11-13,1757,1769,153,201,"Devlet Bahçeli",301,5303,553,610,53,2,0,1,0,0,0,0,0,0,0,0,0,1,"Milliyetçi Hareket Partisi","European Union","Turkey","Against (membership)","2009","OPP","Mainstream","Extreme-Right/Nationalist","Normative"
"197",2009-11-13,2535,2545,153,201,"Devlet Bahçeli",301,5303,553,610,53,2,0,1,0,0,0,0,0,0,0,0,1,0,"Milliyetçi Hareket Partisi","European Union","Turkey","Against (membership)","2009","OPP","Mainstream","Extreme-Right/Nationalist","Normative"
"198",2009-11-19,5841,5848,153,201,"İrfan Gündüz",301,5301,553,610,53,1,0,1,0,0,0,0,0,0,0,1,0,0,"Adalet ve Kalkınma Partisi","European Union","Turkey","For (membership)","2009","GOV","Marginal","Center-Right","Normative"
"199",2009-12-01,3753,3764,153,201,"Necati Özensoy",301,5303,553,617,53,0,0,1,0,0,0,0,0,0,0,0,0,1,"Milliyetçi Hareket Partisi","Customs Union","Turkey","Conditional","2009","OPP","Mainstream","Extreme-Right/Nationalist","Normative"
"200",2009-12-03,3318,3327,153,201,"Ahmet Duran Bulut",301,5303,553,617,53,2,1,0,1,0,0,0,0,0,0,0,0,0,"Milliyetçi Hareket Partisi","Customs Union","Turkey","Against (membership)","2009","OPP","Mainstream","Extreme-Right/Nationalist","Utilitarian"
"201",2009-12-10,2207,2213,153,201,"Ahmet Gökhan Sarıçam",301,5301,553,610,53,1,0,1,0,0,0,0,0,0,0,1,0,0,"Adalet ve Kalkınma Partisi","European Union","Turkey","For (membership)","2009","GOV","Marginal","Center-Right","Normative"
"202",2009-12-15,2141,2154,153,201,"Alaattin Büyükkaya",301,5301,553,610,53,1,1,0,1,0,1,0,0,0,0,0,0,0,"Adalet ve Kalkınma Partisi","European Union","Turkey","For (membership)","2009","GOV","Marginal","Center-Right","Utilitarian"
"203",2009-12-15,2188,2202,153,201,"Ahmet Öksüzkaya",301,5301,553,610,53,1,0,1,0,0,0,0,0,0,1,0,0,0,"Adalet ve Kalkınma Partisi","European Union","Turkey","For (membership)","2009","GOV","Marginal","Center-Right","Normative"
"204",2009-12-16,2072,2088,153,201,"Abdullah Çalışkan",301,5301,553,610,53,1,1,1,0,1,0,0,0,0,1,0,0,0,"Adalet ve Kalkınma Partisi","European Union","Turkey","For (membership)","2009","GOV","Marginal","Center-Right","both"
"205",2009-12-16,2714,2723,153,201,"Onur Başaran Öymen",301,5302,553,610,53,1,1,0,0,1,0,0,0,0,0,0,0,0,"Cumhuriyet Halk Partisi","European Union","Turkey","For (membership)","2009","OPP","Mainstream","Center-Left","Utilitarian"
"206",2009-12-16,2872,2882,153,201,"Onur Başaran Öymen",301,5302,553,900,53,1,0,1,0,0,0,0,0,1,1,0,0,0,"Cumhuriyet Halk Partisi","Europe – Belonging","Turkey","For (membership)","2009","OPP","Mainstream","Center-Left","Normative"
"207",2009-12-16,2929,2939,153,201,"Osman Çakır",301,5303,553,610,53,0,0,1,0,0,0,0,0,0,0,0,0,1,"Milliyetçi Hareket Partisi","European Union","Turkey","Conditional","2009","OPP","Mainstream","Extreme-Right/Nationalist","Normative"
"208",2009-12-16,2968,2978,153,201,"Osman Çakır",301,5303,553,617,53,2,1,0,1,0,0,0,0,0,0,0,0,0,"Milliyetçi Hareket Partisi","Customs Union","Turkey","Against (membership)","2009","OPP","Mainstream","Extreme-Right/Nationalist","Utilitarian"
"209",2009-12-16,2996,3021,153,201,"Osman Çakır",301,5303,553,610,53,2,0,1,0,0,0,0,0,0,0,0,0,1,"Milliyetçi Hareket Partisi","European Union","Turkey","Against (membership)","2009","OPP","Mainstream","Extreme-Right/Nationalist","Normative"
"210",2009-12-16,4696,4707,153,201,"Egemen Bağış",303,5301,553,610,53,1,0,1,0,0,0,0,0,0,1,0,0,0,"Adalet ve Kalkınma Partisi","European Union","Turkey","For (membership)","2009","GOV","Marginal","Center-Right","Normative"
"211",2009-12-16,4268,4719,153,201,"Egemen Bağış",303,5301,553,610,53,1,1,0,0,1,0,0,0,0,0,0,0,0,"Adalet ve Kalkınma Partisi","European Union","Turkey","For (membership)","2009","GOV","Marginal","Center-Right","Utilitarian"
"212",2009-12-18,7158,7161,153,201,"Yaşar Yakış",301,5301,553,610,53,1,1,1,1,0,0,0,0,0,1,0,0,0,"Adalet ve Kalkınma Partisi","European Union","Turkey","For (membership)","2009","GOV","Marginal","Center-Right","both"
"213",2009-12-18,9288,9291,153,201,"Ahmet Davutoğlu",303,5301,553,610,53,1,0,1,0,0,0,0,0,0,1,0,0,0,"Adalet ve Kalkınma Partisi","European Union","Turkey","For (membership)","2009","GOV","Marginal","Center-Right","Normative"
"214",2009-12-18,9384,9400,153,201,"Ahmet Davutoğlu",303,5301,553,610,53,1,1,0,1,1,0,0,0,0,0,0,0,0,"Adalet ve Kalkınma Partisi","European Union","Turkey","For (membership)","2009","GOV","Marginal","Center-Right","Utilitarian"
"215",2009-12-23,1335,1344,153,201,"Fevzi Şanverdi",301,5301,553,610,53,1,0,1,0,0,0,0,0,0,1,0,0,0,"Adalet ve Kalkınma Partisi","European Union","Turkey","For (membership)","2009","GOV","Marginal","Center-Right","Normative"
"216",2009-12-25,4607,4616,153,201,"Cemil Çiçek",303,5301,553,610,53,1,1,1,1,0,0,0,0,0,1,0,0,0,"Adalet ve Kalkınma Partisi","European Union","Turkey","For (membership)","2009","GOV","Marginal","Center-Right","both"
"217",2010-01-06,1953,1955,153,201,"Mehmet Akif Hamzaçebi",301,5302,553,711,53,1,1,0,1,0,1,0,0,0,0,0,0,0,"Cumhuriyet Halk Partisi","Commonwealth of the Independent States - Association","Turkey","For (membership)","2010","OPP","Mainstream","Center-Left","Utilitarian"
"218",2010-01-12,245,330,153,201,"Sadullah Ergin",303,5301,553,610,53,1,1,1,0,1,0,0,0,0,1,0,0,0,"Adalet ve Kalkınma Partisi","European Union","Turkey","For (membership)","2010","GOV","Marginal","Center-Right","both"
"219",2010-01-12,1089,1089,153,201,"Şevket Köse",301,5302,553,610,53,1,1,0,1,0,0,0,0,0,0,0,0,0,"Cumhuriyet Halk Partisi","European Union","Turkey","For (membership)","2010","OPP","Mainstream","Center-Left","Utilitarian"
"220",2010-01-20,586,586,153,201,"Tayfun Süner",301,5302,553,910,53,1,1,0,1,0,0,0,0,0,0,0,0,0,"Cumhuriyet Halk Partisi","Eurasia (incl. Asia, multi-polar world view) – Belonging","Turkey","For (membership)","2010","OPP","Mainstream","Center-Left","Utilitarian"
"221",2010-03-03,1264,1278,153,201,"Faruk Bal",301,5303,553,610,53,0,0,1,0,0,0,0,0,0,0,0,1,0,"Milliyetçi Hareket Partisi","European Union","Turkey","Conditional","2010","OPP","Mainstream","Extreme-Right/Nationalist","Normative"
"222",2010-03-03,1511,2063,153,201,"Egemen Bağış",303,5301,553,610,53,1,1,0,1,0,0,1,0,0,0,0,0,0,"Adalet ve Kalkınma Partisi","European Union","Turkey","For (membership)","2010","GOV","Marginal","Center-Right","Utilitarian"
"223",2010-03-09,1243,1243,153,201,"Oğuz Oyan",301,5302,553,617,53,2,1,0,1,0,0,0,0,0,0,0,0,0,"Cumhuriyet Halk Partisi","Customs Union","Turkey","Against (membership)","2010","OPP","Mainstream","Center-Left","Utilitarian"
"224",2010-03-09,2325,2325,153,201,"Zafer Çağlayan",303,5302,553,617,53,0,1,0,1,0,0,0,0,0,0,0,0,0,"Cumhuriyet Halk Partisi","Customs Union","Turkey","Conditional","2010","OPP","Mainstream","Center-Left","Utilitarian"
"225",2010-03-24,1294,1296,153,201,"Nurettin Akman",301,5301,553,610,53,1,0,0,0,0,0,0,0,0,0,0,0,0,"Adalet ve Kalkınma Partisi","European Union","Turkey","For (membership)","2010","GOV","Marginal","Center-Right","Neither"
"226",2010-03-24,2169,2173,153,201,"Tansel Barış",301,5302,553,610,20,2,0,0,0,0,0,0,0,0,0,0,0,0,"Cumhuriyet Halk Partisi","European Union","Cyprus","Against (membership)","2010","OPP","Mainstream","Center-Left","Neither"
"227",2010-04-14,841,884,153,201,"Ferit Mevlüt Aslanoğlu",301,5302,553,611,53,1,1,1,1,0,0,0,0,0,0,0,0,1,"Cumhuriyet Halk Partisi","Schengen Area","Turkey","For (membership)","2010","OPP","Mainstream","Center-Left","both"
"228",2010-04-27,3343,3345,153,201,"Yusuf Ziya İrbeç",301,5301,553,610,53,1,0,1,0,0,0,0,0,0,1,0,0,0,"Adalet ve Kalkınma Partisi","European Union","Turkey","For (membership)","2010","GOV","Marginal","Center-Right","Normative"
"229",2010-06-08,3300,3302,153,201,"Reşat Doğru",301,5303,553,920,10,1,1,0,0,0,1,0,0,0,0,0,0,0,"Milliyetçi Hareket Partisi","Eurasian Organization (""Big Russia"") – Belonging","General","For (membership)","2010","OPP","Mainstream","Extreme-Right/Nationalist","Utilitarian"
"230",2010-06-08,3537,3540,153,201,"İsmet Büyükataman",301,5303,553,900,17,1,1,0,0,0,0,1,0,0,0,0,0,0,"Milliyetçi Hareket Partisi","Europe – Belonging","Bosnia-Herz.","For (membership)","2010","OPP","Mainstream","Extreme-Right/Nationalist","Utilitarian"
"231",2010-06-10,1744,1746,153,201,"Vahap Seçer",301,5302,553,610,53,1,1,0,1,1,0,0,0,0,0,0,0,0,"Cumhuriyet Halk Partisi","European Union","Turkey","For (membership)","2010","OPP","Mainstream","Center-Left","Utilitarian"
"232",2010-07-01,2412,2412,153,201,"Ertuğrul Kumcuoğlu",301,5303,553,610,53,1,0,0,0,0,0,0,0,0,0,0,0,0,"Milliyetçi Hareket Partisi","European Union","Turkey","For (membership)","2010","OPP","Mainstream","Extreme-Right/Nationalist","Neither"
"233",2010-07-07,5359,5359,153,201,"Ahmet Davutoğlu",303,5301,553,610,53,1,1,1,0,0,1,0,0,1,0,0,0,0,"Adalet ve Kalkınma Partisi","European Union","Turkey","For (membership)","2010","GOV","Marginal","Center-Right","both"
"234",2010-10-01,1757,1761,153,201,"Abdullah Gül",310,5301,553,610,53,1,1,0,1,1,0,1,0,0,0,0,0,0,"Adalet ve Kalkınma Partisi","European Union","Turkey","For (membership)","2010","GOV","Marginal","Center-Right","Utilitarian"
"235",2010-10-07,856,858,153,201,"Faik Öztrak",301,5302,553,610,53,1,1,0,1,1,1,0,0,0,0,0,0,0,"Cumhuriyet Halk Partisi","European Union","Turkey","For (membership)","2010","OPP","Mainstream","Center-Left","Utilitarian"
"236",2010-10-07,1021,1029,153,201,"Hasip Kaplan",301,5304,553,610,53,1,0,1,0,0,0,0,0,0,1,0,0,0,"Kurdish Party Family","European Union","Turkey","For (membership)","2010","OPP","Marginal","Extreme-Left","Normative"
"237",2010-10-07,1149,1149,153,201,"Halil Aydoğan",301,5301,553,610,53,1,1,1,1,0,0,0,0,0,1,0,0,0,"Adalet ve Kalkınma Partisi","European Union","Turkey","For (membership)","2010","GOV","Marginal","Center-Right","both"
"238",2010-10-13,1568,1572,153,201,"Mehmet Günal",301,5303,553,610,53,0,0,1,0,0,0,0,0,0,0,0,0,1,"Milliyetçi Hareket Partisi","European Union","Turkey","Conditional","2010","OPP","Mainstream","Extreme-Right/Nationalist","Normative"
"239",2010-12-14,4189,4189,153,201,"Onur Başaran Öymen",301,5302,553,610,20,2,0,0,0,0,0,0,0,0,0,0,0,0,"Cumhuriyet Halk Partisi","European Union","Cyprus","Against (membership)","2010","OPP","Mainstream","Center-Left","Neither"
"240",2010-12-14,4644,4664,153,201,"Abdullah Çalışkan",301,5301,553,610,53,1,1,0,0,1,0,0,0,0,0,0,0,0,"Adalet ve Kalkınma Partisi","European Union","Turkey","For (membership)","2010","GOV","Marginal","Center-Right","Utilitarian"
"241",2010-12-14,4670,4676,153,201,"Cüneyt Yüksel",301,5301,553,610,53,1,1,0,1,0,0,0,0,0,0,0,0,0,"Adalet ve Kalkınma Partisi","European Union","Turkey","For (membership)","2010","GOV","Marginal","Center-Right","Utilitarian"
"242",2010-12-14,4955,4956,153,201,"Akın Birdal",301,5304,553,610,53,1,1,1,1,0,1,0,0,0,1,0,0,0,"Kurdish Party Family","European Union","Turkey","For (membership)","2010","OPP","Marginal","Extreme-Left","both"
"243",2010-12-14,5392,5446,153,201,"Egemen Bağış",303,5301,553,610,53,1,1,1,0,1,0,0,0,0,1,0,0,0,"Adalet ve Kalkınma Partisi","European Union","Turkey","For (membership)","2010","GOV","Marginal","Center-Right","both"
"244",2010-12-14,5453,5453,153,201,"Egemen Bağış",303,5301,553,611,53,1,0,0,0,0,0,0,0,0,0,0,0,0,"Adalet ve Kalkınma Partisi","Schengen Area","Turkey","For (membership)","2010","GOV","Marginal","Center-Right","Neither"
"245",2010-12-19,455,455,153,201,"Mehmet Nezir Karabaş",301,5304,553,610,53,1,0,0,0,0,0,0,0,0,0,0,0,0,"Kurdish Party Family","European Union","Turkey","For (membership)","2010","OPP","Marginal","Extreme-Left","Neither"
"246",2010-12-20,666,666,153,201,"Abdülkadir Emin Önen",301,5301,553,910,53,1,1,0,0,0,0,0,1,0,0,0,0,0,"Adalet ve Kalkınma Partisi","Eurasia (incl. Asia, multi-polar world view) – Belonging","Turkey","For (membership)","2010","GOV","Marginal","Center-Right","Utilitarian"
"247",2010-12-20,1217,1217,153,201,"Ahmet Davutoğlu",303,5301,553,610,53,1,0,1,0,0,0,0,0,1,0,0,0,0,"Adalet ve Kalkınma Partisi","European Union","Turkey","For (membership)","2010","GOV","Marginal","Center-Right","Normative"
"248",2011-01-04,3024,3040,153,201,"Ferit Mevlüt Aslanoğlu",301,5302,553,610,53,1,1,0,1,0,0,0,0,0,0,0,0,0,"Cumhuriyet Halk Partisi","European Union","Turkey","For (membership)","2011","OPP","Mainstream","Center-Left","Utilitarian"
"249",2011-01-05,1192,1231,153,201,"Birgen Keleş",301,5302,553,617,53,0,1,1,1,0,0,0,0,0,0,0,0,1,"Cumhuriyet Halk Partisi","Customs Union","Turkey","Conditional","2011","OPP","Mainstream","Center-Left","both"
"250",2011-01-06,4568,4581,153,201,"Ali İhsan Köktürk",301,5302,553,610,53,1,1,0,1,1,0,0,0,0,0,0,0,0,"Cumhuriyet Halk Partisi","European Union","Turkey","For (membership)","2011","OPP","Mainstream","Center-Left","Utilitarian"
"251",2011-02-09,5993,6000,153,201,"Hasip Kaplan",301,5304,553,610,53,1,0,1,0,0,0,0,0,0,1,0,0,0,"Kurdish Party Family","European Union","Turkey","For (membership)","2011","OPP","Marginal","Extreme-Left","Normative"
"252",2011-02-10,2746,2761,153,201,"Abdullah Çalışkan",301,5301,553,610,53,1,1,0,0,1,0,0,0,0,0,0,0,0,"Adalet ve Kalkınma Partisi","European Union","Turkey","For (membership)","2011","GOV","Marginal","Center-Right","Utilitarian"
"253",2011-02-17,2020,2035,153,201,"Bengi Yıldız",301,5304,553,610,53,1,0,1,0,0,0,0,0,0,1,0,0,0,"Kurdish Party Family","European Union","Turkey","For (membership)","2011","OPP","Marginal","Extreme-Left","Normative"
"254",2011-02-23,5109,5117,153,201,"Rasim Çakır",301,5302,553,610,53,1,1,0,0,1,0,0,1,0,0,0,0,0,"Cumhuriyet Halk Partisi","European Union","Turkey","For (membership)","2011","OPP","Mainstream","Center-Left","Utilitarian"
"255",2011-03-03,1642,1657,153,201,"Faruk Bal",301,5303,553,610,53,2,0,1,0,0,0,0,0,0,0,0,1,0,"Milliyetçi Hareket Partisi","European Union","Turkey","Against (membership)","2011","OPP","Mainstream","Extreme-Right/Nationalist","Normative"
"256",2011-07-08,235,238,153,201,"Recep Tayyip Erdoğan",302,5301,553,610,53,1,1,1,0,1,0,0,0,0,1,0,0,0,"Adalet ve Kalkınma Partisi","European Union","Turkey","For (membership)","2011","GOV","Marginal","Center-Right","both"
"257",2011-07-08,224,234,153,201,"Recep Tayyip Erdoğan",302,5301,553,610,53,1,1,0,1,1,1,0,0,0,0,0,0,0,"Adalet ve Kalkınma Partisi","European Union","Turkey","For (membership)","2011","GOV","Marginal","Center-Right","Utilitarian"
"258",2011-07-08,1514,1519,153,201,"Recep Tayyip Erdoğan",302,5301,553,610,53,1,1,1,0,0,1,0,0,0,1,0,0,0,"Adalet ve Kalkınma Partisi","European Union","Turkey","For (membership)","2011","GOV","Marginal","Center-Right","both"
"259",2011-07-11,1547,1556,153,201,"Devlet Bahçeli",301,5303,553,620,53,1,1,0,0,0,0,0,1,0,0,0,0,0,"Milliyetçi Hareket Partisi","Non-member association/partnership/cooperation (unspecified)","Turkey","For (membership)","2011","OPP","Mainstream","Extreme-Right/Nationalist","Utilitarian"
"260",2011-10-01,2785,2795,153,201,"Abdullah Gül",310,5301,553,610,53,1,1,1,1,0,0,0,0,0,1,0,0,0,"Adalet ve Kalkınma Partisi","European Union","Turkey","For (membership)","2011","GOV","Marginal","Center-Right","both"
"261",2011-11-16,5627,5639,153,201,"Hasip Kaplan",301,5304,553,610,53,0,0,0,0,0,0,0,0,0,0,0,0,0,"Kurdish Party Family","European Union","Turkey","Conditional","2011","OPP","Marginal","Extreme-Left","Neither"
"262",2011-11-24,3071,3086,153,201,"Umut Oran",301,5302,553,610,53,1,1,0,0,1,0,0,0,0,0,0,0,0,"Cumhuriyet Halk Partisi","European Union","Turkey","For (membership)","2011","OPP","Mainstream","Center-Left","Utilitarian"
"263",2011-11-24,3177,3183,153,201,"Umut Oran",301,5302,553,610,53,1,1,0,1,0,0,0,0,0,0,0,0,0,"Cumhuriyet Halk Partisi","European Union","Turkey","For (membership)","2011","OPP","Mainstream","Center-Left","Utilitarian"
"264",2011-11-24,3284,3295,153,201,"Abdullah Çalışkan",301,5301,553,610,53,1,1,0,1,1,0,0,0,0,0,0,0,0,"Adalet ve Kalkınma Partisi","European Union","Turkey","For (membership)","2011","GOV","Marginal","Center-Right","Utilitarian"
"265",2011-11-24,3309,3323,153,201,"Abdullah Çalışkan",301,5301,553,610,53,1,1,0,0,1,0,0,0,0,0,0,0,0,"Adalet ve Kalkınma Partisi","European Union","Turkey","For (membership)","2011","GOV","Marginal","Center-Right","Utilitarian"
"266",2011-11-24,3385,3398,153,201,"Lütfü Türkkan",301,5303,553,610,53,2,0,1,0,0,0,0,0,0,0,0,0,1,"Milliyetçi Hareket Partisi","European Union","Turkey","Against (membership)","2011","OPP","Mainstream","Extreme-Right/Nationalist","Normative"
"267",2011-11-24,3460,3473,153,201,"Lütfü Türkkan",301,5303,553,620,53,1,1,0,1,0,0,0,0,0,0,0,0,0,"Milliyetçi Hareket Partisi","Non-member association/partnership/cooperation (unspecified)","Turkey","For (membership)","2011","OPP","Mainstream","Extreme-Right/Nationalist","Utilitarian"
"268",2011-11-24,3478,3489,153,201,"Lütfü Türkkan",301,5303,553,610,53,2,0,1,0,0,0,0,0,0,0,0,0,1,"Milliyetçi Hareket Partisi","European Union","Turkey","Against (membership)","2011","OPP","Mainstream","Extreme-Right/Nationalist","Normative"
"269",2011-11-24,3565,3612,153,201,"Abdülkadir Emin Önen",301,5301,553,610,53,1,1,1,1,0,0,0,0,0,1,0,0,0,"Adalet ve Kalkınma Partisi","European Union","Turkey","For (membership)","2011","GOV","Marginal","Center-Right","both"
"270",2011-11-24,4028,4031,153,201,"Jerzy Buzek",306,4301,543,610,83,1,0,0,0,0,0,0,0,0,0,0,0,0,"Platforma Obywatelska (PO)","European Union","Candidate countries","For (membership)","2011","OPP","Marginal","No Info","Neither"
"271",2011-11-24,4235,4242,153,201,"Jerzy Buzek",306,4301,543,610,83,0,0,1,0,0,0,0,0,0,1,0,0,0,"Platforma Obywatelska (PO)","European Union","Candidate countries","Conditional","2011","OPP","Marginal","No Info","Normative"
"272",2011-12-08,3216,3225,153,201,"Hasip Kaplan",301,5304,553,610,53,1,0,1,0,0,0,0,0,0,1,0,0,0,"Kurdish Party Family","European Union","Turkey","For (membership)","2011","OPP","Marginal","Extreme-Left","Normative"
"273",2011-12-08,6980,6982,153,201,"Ali Babacan",303,5301,553,610,53,1,1,0,0,1,0,0,0,0,0,0,0,0,"Adalet ve Kalkınma Partisi","European Union","Turkey","For (membership)","2011","GOV","Marginal","Center-Right","Utilitarian"
"274",2011-12-12,9036,9042,153,201,"Ertuğrul Kürkçü",301,5305,553,610,53,2,1,0,1,0,0,0,0,0,0,0,0,0,"Bağımsızlar","European Union","Turkey","Against (membership)","2011","OPP","Marginal","No Info","Utilitarian"
"275",2011-12-12,9069,9079,153,201,"Ertuğrul Kürkçü",301,5305,553,610,53,2,1,0,1,0,0,0,0,0,0,0,0,0,"Bağımsızlar","European Union","Turkey","Against (membership)","2011","OPP","Marginal","No Info","Utilitarian"
"276",2011-12-12,9504,9509,153,201,"Haluk Özdalga",301,5301,553,610,53,1,1,1,1,1,1,0,0,0,1,0,0,0,"Adalet ve Kalkınma Partisi","European Union","Turkey","For (membership)","2011","GOV","Marginal","Center-Right","both"
"277",2011-12-12,9576,9590,153,201,"Mehmet Galip Ensarioğlu",301,5301,553,610,53,1,1,0,0,1,0,0,0,0,0,0,0,0,"Adalet ve Kalkınma Partisi","European Union","Turkey","For (membership)","2011","GOV","Marginal","Center-Right","Utilitarian"
"278",2011-12-12,11798,11806,153,201,"Egemen Bağış",303,5301,553,610,53,1,1,0,0,1,0,0,0,0,0,0,0,0,"Adalet ve Kalkınma Partisi","European Union","Turkey","For (membership)","2011","GOV","Marginal","Center-Right","Utilitarian"
"279",2011-12-12,11848,11854,153,201,"Egemen Bağış",303,5301,553,610,53,1,1,0,0,1,0,0,0,0,0,0,0,0,"Adalet ve Kalkınma Partisi","European Union","Turkey","For (membership)","2011","GOV","Marginal","Center-Right","Utilitarian"
"280",2011-12-14,6200,6209,153,201,"Volkan Bozkır",301,5301,553,610,53,1,1,1,1,1,0,0,0,0,1,0,0,0,"Adalet ve Kalkınma Partisi","European Union","Turkey","For (membership)","2011","GOV","Marginal","Center-Right","both"
"281",2011-12-14,8809,8810,153,201,"Ahmet Davutoğlu",303,5301,553,900,53,1,0,1,0,0,0,0,0,1,0,0,0,0,"Adalet ve Kalkınma Partisi","Europe – Belonging","Turkey","For (membership)","2011","GOV","Marginal","Center-Right","Normative"
"282",2012-03-13,2417,2421,153,201,"Özcan Yeniçeri",301,5303,553,610,53,0,0,1,0,0,0,0,0,0,0,0,1,0,"Milliyetçi Hareket Partisi","European Union","Turkey","Conditional","2012","OPP","Mainstream","Extreme-Right/Nationalist","Normative"
"283",2012-04-04,874,878,153,201,"Şirin Ünal",301,5301,553,810,53,1,1,0,1,0,1,1,0,0,0,0,0,0,"Adalet ve Kalkınma Partisi","NATO – Membership","Turkey","For (membership)","2012","GOV","Marginal","Center-Right","Utilitarian"
"284",2012-05-17,813,813,153,201,"Lütfü Türkkan",301,5303,553,810,26,1,1,0,0,0,1,0,0,0,0,0,0,0,"Milliyetçi Hareket Partisi","NATO – Membership","FYROM","For (membership)","2012","OPP","Mainstream","Extreme-Right/Nationalist","Utilitarian"
"285",2012-05-17,957,958,153,201,"Mehmet Günal",301,5303,553,910,10,1,1,0,0,0,0,1,0,0,0,0,0,0,"Milliyetçi Hareket Partisi","Eurasia (incl. Asia, multi-polar world view) – Belonging","General","For (membership)","2012","OPP","Mainstream","Extreme-Right/Nationalist","Utilitarian"
"286",2012-06-06,749,749,153,201,"Mevlüt Çavuşoğlu",301,5301,553,610,53,1,0,0,0,0,0,0,0,0,0,0,0,0,"Adalet ve Kalkınma Partisi","European Union","Turkey","For (membership)","2012","GOV","Marginal","Center-Right","Neither"
"287",2012-06-06,916,916,153,201,"Ahmet Davutoğlu",303,5301,553,725,53,1,1,0,0,0,1,0,0,0,0,0,0,0,"Adalet ve Kalkınma Partisi","Shanghai Cooperation Organization - Dialogue partnership","Turkey","For (membership)","2012","GOV","Marginal","Center-Right","Utilitarian"
"288",2012-06-06,921,921,153,201,"Ahmet Davutoğlu",303,5301,553,611,53,1,1,0,1,0,0,0,0,0,0,0,0,0,"Adalet ve Kalkınma Partisi","Schengen Area","Turkey","For (membership)","2012","GOV","Marginal","Center-Right","Utilitarian"
"289",2012-10-01,2016,2017,153,201,"Abdullah Gül",310,5301,553,610,53,1,1,1,1,0,0,0,0,0,1,0,0,0,"Adalet ve Kalkınma Partisi","European Union","Turkey","For (membership)","2012","GOV","Marginal","Center-Right","both"
"290",2012-10-16,787,790,153,201,"Veli Ağbaba",301,5302,553,810,53,2,1,0,1,0,0,0,0,0,0,0,0,0,"Cumhuriyet Halk Partisi","NATO – Membership","Turkey","Against (membership)","2012","OPP","Mainstream","Center-Left","Utilitarian"
"291",2012-11-29,1717,1717,153,201,"Mevlüt Dudu",301,5302,553,610,53,1,1,1,0,1,0,0,0,0,1,0,0,0,"Cumhuriyet Halk Partisi","European Union","Turkey","For (membership)","2012","OPP","Mainstream","Center-Left","both"
"292",2012-12-10,1052,1052,153,201,"Gültan Kışanak",301,5304,553,610,53,1,0,0,0,0,0,0,0,0,0,0,0,0,"Kurdish Party Family","European Union","Turkey","For (membership)","2012","OPP","Marginal","Extreme-Left","Neither"
"293",2012-12-15,1841,1849,153,201,"Ayşe Gülsün Bilgehan",301,5302,553,610,53,1,1,1,0,1,0,0,0,0,1,0,0,0,"Cumhuriyet Halk Partisi","European Union","Turkey","For (membership)","2012","OPP","Mainstream","Center-Left","both"
"294",2012-12-15,1959,1968,153,201,"Akif Çağatay Kılıç",301,5301,553,610,53,1,0,0,0,0,0,0,0,0,0,0,0,0,"Adalet ve Kalkınma Partisi","European Union","Turkey","For (membership)","2012","GOV","Marginal","Center-Right","Neither"
"295",2012-12-15,2253,2253,153,201,"Lütfü Türkkan",301,5303,553,610,53,0,1,1,1,0,0,0,0,0,0,0,1,0,"Milliyetçi Hareket Partisi","European Union","Turkey","Conditional","2012","OPP","Mainstream","Extreme-Right/Nationalist","both"
"296",2012-12-15,2369,2390,153,201,"Egemen Bağış",303,5301,553,610,53,1,1,1,1,1,0,0,0,0,1,0,0,0,"Adalet ve Kalkınma Partisi","European Union","Turkey","For (membership)","2012","GOV","Marginal","Center-Right","both"
"297",2012-12-18,1256,1256,153,201,"Aykan Erdemir",301,5302,553,610,53,1,1,1,1,0,0,0,0,0,1,0,0,0,"Cumhuriyet Halk Partisi","European Union","Turkey","For (membership)","2012","OPP","Mainstream","Center-Left","both"
"298",2013-01-31,2742,2758,153,201,"Haluk Ahmet Gümüş",301,5302,553,610,53,1,1,0,1,0,0,0,0,0,0,0,0,0,"Cumhuriyet Halk Partisi","European Union","Turkey","For (membership)","2013","OPP","Mainstream","Center-Left","Utilitarian"
"299",2013-03-06,1310,1314,153,201,"Sena Kaleli",301,5302,553,610,53,1,0,1,0,0,0,0,0,0,1,0,0,0,"Cumhuriyet Halk Partisi","European Union","Turkey","For (membership)","2013","OPP","Mainstream","Center-Left","Normative"
"300",2013-03-07,5118,5125,153,201,"Ayşe Eser Danışoğlu",301,5302,553,610,53,1,0,1,0,0,0,0,0,0,0,0,0,1,"Cumhuriyet Halk Partisi","European Union","Turkey","For (membership)","2013","OPP","Mainstream","Center-Left","Normative"
"301",2013-03-19,6855,6866,153,201,"Ensar Öğüt",301,5302,553,610,53,2,1,0,1,0,0,0,0,0,0,0,0,0,"Cumhuriyet Halk Partisi","European Union","Turkey","Against (membership)","2013","OPP","Mainstream","Center-Left","Utilitarian"
"302",2013-03-20,3008,3015,153,201,"Hasan Hüseyin Türkoğlu",301,5303,553,610,53,2,0,1,0,0,0,0,0,0,0,0,1,0,"Milliyetçi Hareket Partisi","European Union","Turkey","Against (membership)","2013","OPP","Mainstream","Extreme-Right/Nationalist","Normative"
"303",2013-03-21,3719,3722,153,201,"Aykan Erdemir",301,5302,553,610,53,1,0,1,0,0,0,0,0,0,1,0,0,0,"Cumhuriyet Halk Partisi","European Union","Turkey","For (membership)","2013","OPP","Mainstream","Center-Left","Normative"
"304",2013-03-29,980,986,153,201,"Hasip Kaplan",301,5304,553,610,53,1,0,1,0,0,0,0,0,0,0,1,0,1,"Kurdish Party Family","European Union","Turkey","For (membership)","2013","OPP","Marginal","Extreme-Left","Normative"
"305",2013-05-07,8391,8936,153,201,"Cevdet Yilmaz",303,5301,553,610,53,1,0,0,0,0,0,0,0,0,0,0,0,0,"Adalet ve Kalkınma Partisi","European Union","Turkey","For (membership)","2013","GOV","Marginal","Center-Right","Neither"
"306",2013-05-08,1625,1637,153,201,"Umut Oran",301,5302,553,610,53,1,0,1,0,0,0,0,0,0,1,0,0,0,"Cumhuriyet Halk Partisi","European Union","Turkey","For (membership)","2013","OPP","Mainstream","Center-Left","Normative"
"307",2013-05-22,4355,4358,153,201,"Emin Haluk Ayhan",301,5303,553,610,53,2,1,0,1,0,1,0,0,0,0,0,0,0,"Milliyetçi Hareket Partisi","European Union","Turkey","Against (membership)","2013","OPP","Mainstream","Extreme-Right/Nationalist","Utilitarian"
"308",2013-05-23,3983,3988,153,201,"Mehmet Akif Hamzaçebi",301,5302,553,723,53,2,0,1,0,0,0,0,0,0,1,0,0,0,"Cumhuriyet Halk Partisi","Shanghai Cooperation Organization - Membership","Turkey","Against (membership)","2013","OPP","Mainstream","Center-Left","Normative"
"309",2013-05-28,4996,4999,153,201,"Tanju Özcan",301,5302,553,610,53,1,0,1,0,0,0,0,0,0,1,0,0,0,"Cumhuriyet Halk Partisi","European Union","Turkey","For (membership)","2013","OPP","Mainstream","Center-Left","Normative"
"310",2013-06-13,5997,6001,153,201,"Egemen Bağış",303,5301,553,610,53,1,1,0,1,0,0,0,0,0,0,0,0,0,"Adalet ve Kalkınma Partisi","European Union","Turkey","For (membership)","2013","GOV","Marginal","Center-Right","Utilitarian"
"311",2013-07-06,2903,2910,153,201,"Osman Taney Korutürk",301,5302,553,910,53,1,1,1,0,0,1,0,0,0,1,0,0,0,"Cumhuriyet Halk Partisi","Eurasia (incl. Asia, multi-polar world view) – Belonging","Turkey","For (membership)","2013","OPP","Mainstream","Center-Left","both"
"312",2013-07-06,2911,2918,153,201,"Osman Taney Korutürk",301,5302,553,610,53,1,0,1,0,0,0,0,0,0,1,0,0,0,"Cumhuriyet Halk Partisi","European Union","Turkey","For (membership)","2013","OPP","Mainstream","Center-Left","Normative"
"313",2013-07-07,2130,2138,153,201,"Özcan Yeniçeri",301,5303,553,610,53,2,1,1,1,0,0,0,0,0,0,0,1,0,"Milliyetçi Hareket Partisi","European Union","Turkey","Against (membership)","2013","OPP","Mainstream","Extreme-Right/Nationalist","both"
"314",2013-10-01,11622,11633,153,201,"Abdullah Gül",310,5301,553,610,53,1,1,1,1,0,0,1,0,0,1,0,0,0,"Adalet ve Kalkınma Partisi","European Union","Turkey","For (membership)","2013","GOV","Marginal","Center-Right","both"
"315",2013-10-23,4860,4866,153,201,"Haluk Ahmet Gümüş",301,5302,553,610,85,1,1,1,0,0,1,1,0,0,1,0,0,0,"Cumhuriyet Halk Partisi","European Union","Balkans","For (membership)","2013","OPP","Mainstream","Center-Left","both"
"316",2013-10-23,4860,4866,153,201,"Haluk Ahmet Gümüş",301,5302,553,810,85,1,1,1,0,0,1,1,0,0,1,0,0,0,"Cumhuriyet Halk Partisi","NATO – Membership","Balkans","For (membership)","2013","OPP","Mainstream","Center-Left","both"
"317",2013-12-09,7700,7702,153,201,"Yıldırım Tuğrul Türkeş",301,5303,553,610,53,1,1,0,1,0,0,0,0,0,0,0,0,0,"Milliyetçi Hareket Partisi","European Union","Turkey","For (membership)","2013","OPP","Mainstream","Extreme-Right/Nationalist","Utilitarian"
"318",2013-12-09,8038,8045,153,201,"Nazmi Gür",301,5304,553,610,53,1,1,1,0,1,0,0,0,0,1,0,0,0,"Kurdish Party Family","European Union","Turkey","For (membership)","2013","OPP","Marginal","Extreme-Left","both"
"319",2013-12-10,3980,3984,153,201,"Kemal Kılıçdaroğlu",301,5302,553,610,85,1,0,0,0,0,0,0,0,0,0,0,0,0,"Cumhuriyet Halk Partisi","European Union","Balkans","For (membership)","2013","OPP","Mainstream","Center-Left","Neither"
"320",2013-12-13,2261,2283,153,201,"Nazmi Gür",301,5304,553,610,53,1,1,1,0,1,0,0,0,0,1,0,0,0,"Kurdish Party Family","European Union","Turkey","For (membership)","2013","OPP","Marginal","Extreme-Left","both"
"321",2013-12-13,2375,2382,153,201,"Nazmi Gür",301,5304,553,610,53,1,1,1,1,0,0,0,0,0,1,0,0,0,"Kurdish Party Family","European Union","Turkey","For (membership)","2013","OPP","Marginal","Extreme-Left","both"
"322",2013-12-13,3052,3059,153,201,"Fazilet Dağcı Çığlık",301,5301,553,610,53,1,1,0,1,0,0,0,0,0,0,0,0,0,"Adalet ve Kalkınma Partisi","European Union","Turkey","For (membership)","2013","GOV","Marginal","Center-Right","Utilitarian"
"323",2013-12-13,3107,3144,153,201,"Halil Ürün",301,5301,553,610,53,1,1,0,1,0,0,0,0,0,0,0,0,0,"Adalet ve Kalkınma Partisi","European Union","Turkey","For (membership)","2013","GOV","Marginal","Center-Right","Utilitarian"
"324",2013-12-13,4669,4677,153,201,"Bülent Belen",301,5303,553,610,53,2,0,1,0,0,0,0,0,0,0,0,1,0,"Milliyetçi Hareket Partisi","European Union","Turkey","Against (membership)","2013","OPP","Mainstream","Extreme-Right/Nationalist","Normative"
"325",2013-12-13,4010,4011,153,201,"Oğuz Oyan",301,5302,553,617,53,2,1,1,1,0,0,0,0,0,0,0,0,1,"Cumhuriyet Halk Partisi","Customs Union","Turkey","Against (membership)","2013","OPP","Mainstream","Center-Left","both"
"326",2013-12-13,4710,4716,153,201,"Bülent Belen",301,5303,553,610,53,2,0,1,0,0,0,0,0,0,0,0,1,1,"Milliyetçi Hareket Partisi","European Union","Turkey","Against (membership)","2013","OPP","Mainstream","Extreme-Right/Nationalist","Normative"
"327",2013-12-13,5897,5902,153,201,"Egemen Bağış",303,5301,553,610,53,1,1,1,0,0,0,0,0,0,1,0,0,0,"Adalet ve Kalkınma Partisi","European Union","Turkey","For (membership)","2013","GOV","Marginal","Center-Right","both"
"328",2013-12-13,5925,5938,153,201,"Egemen Bağış",303,5301,553,610,53,1,1,1,0,1,0,0,0,0,1,0,0,0,"Adalet ve Kalkınma Partisi","European Union","Turkey","For (membership)","2013","GOV","Marginal","Center-Right","both"
"329",2013-12-13,6075,6079,153,201,"Egemen Bağış",303,5301,553,610,53,1,0,1,0,0,0,0,0,0,1,0,0,0,"Adalet ve Kalkınma Partisi","European Union","Turkey","For (membership)","2013","GOV","Marginal","Center-Right","Normative"
"330",2013-12-13,6122,6123,153,201,"Egemen Bağış",303,5301,553,610,53,1,0,1,0,0,0,0,0,0,1,0,0,0,"Adalet ve Kalkınma Partisi","European Union","Turkey","For (membership)","2013","GOV","Marginal","Center-Right","Normative"
"331",2013-12-13,6155,6160,153,201,"Egemen Bağış",303,5301,553,610,53,1,1,1,1,1,0,0,0,0,1,0,0,0,"Adalet ve Kalkınma Partisi","European Union","Turkey","For (membership)","2013","GOV","Marginal","Center-Right","both"
"332",2013-12-13,9117,9123,153,201,"Bengi Yıldız",301,5305,553,610,53,1,1,1,0,1,0,0,0,0,1,0,0,0,"Bağımsızlar","European Union","Turkey","For (membership)","2013","OPP","Marginal","No Info","both"
"333",2013-12-13,13325,13334,153,201,"Sadullah Ergin",303,5301,553,610,53,1,1,0,0,0,1,0,0,0,0,0,0,0,"Adalet ve Kalkınma Partisi","European Union","Turkey","For (membership)","2013","GOV","Marginal","Center-Right","Utilitarian"
"334",2013-12-14,3023,3027,153,201,"Seyit Sertçelik",301,5301,553,610,53,1,1,0,1,0,0,0,0,0,0,0,0,0,"Adalet ve Kalkınma Partisi","European Union","Turkey","For (membership)","2013","GOV","Marginal","Center-Right","Utilitarian"
"335",2013-12-15,2654,2661,153,201,"Abdullah Çalışkan",301,5301,553,610,53,1,1,0,0,0,1,0,0,0,0,0,0,0,"Adalet ve Kalkınma Partisi","European Union","Turkey","For (membership)","2013","GOV","Marginal","Center-Right","Utilitarian"
"336",2013-12-20,7864,7871,153,201,"Ali Babacan",303,5301,553,610,53,1,1,1,1,0,0,0,0,0,1,0,0,0,"Adalet ve Kalkınma Partisi","European Union","Turkey","For (membership)","2013","GOV","Marginal","Center-Right","both"
"337",2014-02-18,1851,1870,153,201,"Mustafa Kemal Şerbetçioğlu",301,5301,553,614,34,1,1,0,0,0,1,0,0,0,0,0,0,0,"Adalet ve Kalkınma Partisi","(Stabilisation and) Association agreement","Kosovo","For (membership)","2014","GOV","Marginal","Center-Right","Utilitarian"
"338",2014-05-08,380,382,153,201,"Aykan Erdemir",301,5302,553,610,53,1,0,0,0,0,0,0,0,0,0,0,0,0,"Cumhuriyet Halk Partisi","European Union","Turkey","For (membership)","2014","OPP","Mainstream","Center-Left","Neither"
"339",2014-06-19,236,236,153,201,"Osman Faruk Loğoğlu",301,5302,553,611,53,1,0,1,0,0,0,0,0,0,0,0,0,1,"Cumhuriyet Halk Partisi","Schengen Area","Turkey","For (membership)","2014","OPP","Mainstream","Center-Left","Normative"
"340",2014-06-19,327,412,153,201,"Volkan Bozkır",301,5301,553,611,53,1,0,0,0,0,0,0,0,0,0,0,0,0,"Adalet ve Kalkınma Partisi","Schengen Area","Turkey","For (membership)","2014","GOV","Marginal","Center-Right","Neither"
"341",2014-06-19,406,412,153,201,"Volkan Bozkır",301,5301,553,610,53,1,1,0,1,0,0,0,0,0,0,0,0,0,"Adalet ve Kalkınma Partisi","European Union","Turkey","For (membership)","2014","GOV","Marginal","Center-Right","Utilitarian"
"342",2014-06-19,450,451,153,201,"Mehmet S. Tekelioğlu",301,5301,553,610,53,1,1,0,1,0,0,0,0,0,0,0,0,0,"Adalet ve Kalkınma Partisi","European Union","Turkey","For (membership)","2014","GOV","Marginal","Center-Right","Utilitarian"
"343",2014-06-25,802,802,153,201,"Osman Taney Korutürk",301,5302,553,611,53,1,0,1,0,0,0,0,0,0,0,0,0,1,"Cumhuriyet Halk Partisi","Schengen Area","Turkey","For (membership)","2014","OPP","Mainstream","Center-Left","Normative"
"344",2014-06-25,904,904,153,201,"Mevlüt Çavuşoğlu",303,5301,553,611,53,1,0,1,0,0,0,0,0,0,0,0,0,1,"Adalet ve Kalkınma Partisi","Schengen Area","Turkey","For (membership)","2014","GOV","Marginal","Center-Right","Normative"
"345",2014-06-25,904,904,153,201,"Mevlüt Çavuşoğlu",303,5301,553,611,85,1,0,0,0,0,0,0,0,0,0,0,0,0,"Adalet ve Kalkınma Partisi","Schengen Area","Balkans","For (membership)","2014","GOV","Marginal","Center-Right","Neither"
"346",2014-06-25,938,938,153,201,"Ali Özgündüz",301,5302,553,610,53,0,0,1,0,0,0,0,0,0,0,0,1,0,"Cumhuriyet Halk Partisi","European Union","Turkey","Conditional","2014","OPP","Mainstream","Center-Left","Normative"
"347",2014-06-25,938,938,153,201,"Ali Özgündüz",301,5302,553,611,53,0,1,1,0,0,0,1,0,0,1,0,0,0,"Cumhuriyet Halk Partisi","Schengen Area","Turkey","Conditional","2014","OPP","Mainstream","Center-Left","both"
"348",2014-09-01,237,238,153,201,"Ahmet Davutoğlu",302,5301,553,610,53,1,1,0,0,1,0,0,0,0,0,0,0,0,"Adalet ve Kalkınma Partisi","European Union","Turkey","For (membership)","2014","GOV","Marginal","Center-Right","Utilitarian"
"349",2014-11-26,1095,1095,153,201,"Namık Havutça",301,5302,553,610,53,1,1,1,1,0,0,0,0,0,1,0,0,0,"Cumhuriyet Halk Partisi","European Union","Turkey","For (membership)","2014","OPP","Mainstream","Center-Left","both"
"350",2014-12-13,558,566,153,201,"Mehmet Galip Ensarioğlu",301,5301,553,610,53,1,1,0,1,1,1,0,0,0,0,0,0,0,"Adalet ve Kalkınma Partisi","European Union","Turkey","For (membership)","2014","GOV","Marginal","Center-Right","Utilitarian"
"351",2014-12-13,834,834,153,201,"Sinan Oğan",301,5303,553,617,53,2,1,0,1,0,0,0,0,0,0,0,0,0,"Milliyetçi Hareket Partisi","Customs Union","Turkey","Against (membership)","2014","OPP","Mainstream","Extreme-Right/Nationalist","Utilitarian"
"352",2014-12-13,836,836,153,201,"Sinan Oğan",301,5303,553,610,53,0,0,1,0,0,0,0,0,0,0,0,1,0,"Milliyetçi Hareket Partisi","European Union","Turkey","Conditional","2014","OPP","Mainstream","Extreme-Right/Nationalist","Normative"
"353",2014-12-13,1331,1347,153,201,"Volkan Bozkır",303,5301,553,610,53,1,1,0,1,1,1,0,0,0,0,0,0,0,"Adalet ve Kalkınma Partisi","European Union","Turkey","For (membership)","2014","GOV","Marginal","Center-Right","Utilitarian"
"354",2014-12-15,1344,1345,153,201,"Nihat Zeybekçi",303,5301,553,617,53,0,1,0,1,0,0,0,0,0,0,0,0,0,"Adalet ve Kalkınma Partisi","Customs Union","Turkey","Conditional","2014","GOV","Marginal","Center-Right","Utilitarian"
"355",2014-12-20,1166,1167,153,201,"Nazmi Gür",301,5304,553,723,53,2,1,0,1,0,1,0,0,0,0,0,0,0,"Kurdish Party Family","Shanghai Cooperation Organization - Membership","Turkey","Against (membership)","2014","OPP","Marginal","Extreme-Left","Utilitarian"
"356",2015-01-06,2974,2975,153,201,"Ismet Yilmaz",303,5301,553,810,53,1,1,0,0,0,1,1,0,0,0,0,0,0,"Adalet ve Kalkınma Partisi","NATO – Membership","Turkey","For (membership)","2015","GOV","Marginal","Center-Right","Utilitarian"
"357",2015-02-03,1493,1501,153,201,"Nazmi Gür",301,5304,553,610,53,1,1,0,1,0,0,0,0,0,0,0,0,0,"Kurdish Party Family","European Union","Turkey","For (membership)","2015","OPP","Marginal","Extreme-Left","Utilitarian"
"358",2015-07-08,769,777,153,201,"Murat Özçelik",301,5302,553,610,53,1,1,1,1,0,0,0,0,0,1,0,0,0,"Cumhuriyet Halk Partisi","European Union","Turkey","For (membership)","2015","OPP","Mainstream","Center-Left","both"
"359",2015-07-08,796,798,153,201,"Murat Özçelik",301,5302,553,610,53,1,1,0,0,1,0,0,0,0,0,0,0,0,"Cumhuriyet Halk Partisi","European Union","Turkey","For (membership)","2015","OPP","Mainstream","Center-Left","Utilitarian"
"360",2015-10-01,860,873,153,201,"Recep Tayyip Erdoğan",307,5301,553,610,53,1,1,0,1,0,0,0,0,0,0,0,0,0,"Adalet ve Kalkınma Partisi","European Union","Turkey","For (membership)","2015","GOV","Marginal","Center-Right","Utilitarian"
"361",2015-11-25,2705,2711,153,201,"Ahmet Davutoğlu",302,5301,553,610,53,1,1,0,1,0,0,0,0,0,0,0,0,0,"Adalet ve Kalkınma Partisi","European Union","Turkey","For (membership)","2015","GOV","Marginal","Center-Right","Utilitarian"
"362",2016-02-24,1379,1379,153,201,"Levent Gök",301,5302,553,610,53,1,0,0,0,0,0,0,0,0,0,0,0,0,"Cumhuriyet Halk Partisi","European Union","Turkey","For (membership)","2016","OPP","Mainstream","Center-Left","Neither"
"363",2016-02-29,567,567,153,201,"Kadir Koçdemir",301,5303,553,610,53,0,0,1,0,0,0,0,0,0,0,0,1,1,"Milliyetçi Hareket Partisi","European Union","Turkey","Conditional","2016","OPP","Mainstream","Extreme-Right/Nationalist","Normative"
"364",2016-02-29,666,666,153,201,"Osman Baydemir",301,5304,553,610,53,1,1,1,1,0,0,0,0,0,1,0,0,0,"Kurdish Party Family","European Union","Turkey","For (membership)","2016","OPP","Marginal","Extreme-Left","both"
"365",2016-02-29,670,670,153,201,"Osman Baydemir",301,5304,553,723,53,2,1,1,0,0,1,1,0,0,1,0,0,0,"Kurdish Party Family","Shanghai Cooperation Organization - Membership","Turkey","Against (membership)","2016","OPP","Marginal","Extreme-Left","both"
"366",2016-02-29,1028,1028,153,201,"Şaban Dişli",301,5301,553,610,53,1,1,0,1,0,0,0,0,0,0,0,0,0,"Adalet ve Kalkınma Partisi","European Union","Turkey","For (membership)","2016","GOV","Marginal","Center-Right","Utilitarian"
"367",2016-04-25,707,708,153,201,"Osman Baydemir",301,5304,553,610,53,1,0,0,0,0,0,0,0,0,0,0,0,0,"Kurdish Party Family","European Union","Turkey","For (membership)","2016","OPP","Marginal","Extreme-Left","Neither"
"368",2016-04-25,939,940,153,201,"Öztürk Yılmaz",301,5302,553,610,53,0,0,1,0,0,0,0,0,0,0,0,0,1,"Cumhuriyet Halk Partisi","European Union","Turkey","Conditional","2016","OPP","Mainstream","Center-Left","Normative"
"369",2016-05-03,1342,1342,153,201,"Ahmet Selim Yurdakul",301,5303,553,610,53,0,1,0,1,0,0,0,0,0,0,0,0,0,"Milliyetçi Hareket Partisi","European Union","Turkey","Conditional","2016","OPP","Mainstream","Extreme-Right/Nationalist","Utilitarian"
"370",2016-05-03,1739,1743,153,201,"Sibel Özdemir",301,5302,553,610,53,0,0,1,0,0,0,0,0,0,0,0,1,1,"Cumhuriyet Halk Partisi","European Union","Turkey","Conditional","2016","OPP","Mainstream","Center-Left","Normative"
"371",2016-10-01,187,192,153,201,"Recep Tayyip Erdoğan",307,5301,553,610,53,0,1,1,1,0,0,0,0,0,1,0,0,0,"Adalet ve Kalkınma Partisi","European Union","Turkey","Conditional","2016","GOV","Marginal","Center-Right","both"
"372",2016-11-22,1111,1111,153,201,"Engin Altay",301,5302,553,723,53,2,1,0,0,1,0,0,0,0,0,0,0,0,"Cumhuriyet Halk Partisi","Shanghai Cooperation Organization - Membership","Turkey","Against (membership)","2016","OPP","Mainstream","Center-Left","Utilitarian"
"373",2016-11-23,539,539,153,201,"Faik Öztrak",301,5302,553,723,53,2,0,0,0,0,0,0,0,0,0,0,0,0,"Cumhuriyet Halk Partisi","Shanghai Cooperation Organization - Membership","Turkey","Against (membership)","2016","OPP","Mainstream","Center-Left","Neither"
"374",2016-11-24,391,391,153,201,"Levent Gök",301,5302,553,610,53,1,1,0,1,0,0,0,0,0,0,0,0,0,"Cumhuriyet Halk Partisi","European Union","Turkey","For (membership)","2016","OPP","Mainstream","Center-Left","Utilitarian"
"375",2016-11-24,829,829,153,201,"Öztürk Yılmaz",301,5302,553,723,53,2,1,0,0,0,1,0,0,0,0,0,0,0,"Cumhuriyet Halk Partisi","Shanghai Cooperation Organization - Membership","Turkey","Against (membership)","2016","OPP","Mainstream","Center-Left","Utilitarian"
"376",2016-11-25,2081,2081,153,201,"Levent Gök",301,5302,553,723,53,2,0,0,0,0,0,0,0,0,0,0,0,0,"Cumhuriyet Halk Partisi","Shanghai Cooperation Organization - Membership","Turkey","Against (membership)","2016","OPP","Mainstream","Center-Left","Neither"
"377",2016-11-25,2166,2167,153,201,"Ziya Pir",301,5304,553,610,53,1,1,0,1,0,0,0,0,0,0,0,0,0,"Kurdish Party Family","European Union","Turkey","For (membership)","2016","OPP","Marginal","Extreme-Left","Utilitarian"
"378",2016-12-06,717,718,153,201,"Edip Semih Yalçın",301,5303,553,610,53,1,1,1,1,1,0,0,0,0,1,0,0,0,"Milliyetçi Hareket Partisi","European Union","Turkey","For (membership)","2016","OPP","Mainstream","Extreme-Right/Nationalist","both"
"379",2016-12-09,897,897,153,201,"Öztürk Yılmaz",301,5302,553,723,53,2,0,1,0,0,0,0,0,0,1,0,0,0,"Cumhuriyet Halk Partisi","Shanghai Cooperation Organization - Membership","Turkey","Against (membership)","2016","OPP","Mainstream","Center-Left","Normative"
"380",2016-12-12,989,989,153,201,"Oğuz Kaan Salıcı",301,5302,553,723,53,2,1,0,1,0,0,0,0,0,0,0,0,0,"Cumhuriyet Halk Partisi","Shanghai Cooperation Organization - Membership","Turkey","Against (membership)","2016","OPP","Mainstream","Center-Left","Utilitarian"
"381",2016-12-12,989,989,153,201,"Oğuz Kaan Salıcı",301,5302,553,610,53,1,1,1,1,0,0,0,0,0,1,0,0,0,"Cumhuriyet Halk Partisi","European Union","Turkey","For (membership)","2016","OPP","Mainstream","Center-Left","both"
"382",2016-12-12,1957,1957,153,201,"Feleknas Uca",301,5304,553,723,53,2,1,0,0,1,0,0,0,0,0,0,0,0,"Kurdish Party Family","Shanghai Cooperation Organization - Membership","Turkey","Against (membership)","2016","OPP","Marginal","Extreme-Left","Utilitarian"
"383",2016-12-12,2764,2766,153,201,"Ömer Çelik",303,5301,553,610,53,0,1,1,1,0,1,1,0,0,0,0,0,1,"Adalet ve Kalkınma Partisi","European Union","Turkey","Conditional","2016","GOV","Marginal","Center-Right","both"
"384",2016-12-15,2343,2343,153,201,"Hasan Özyer",301,5301,553,610,53,1,0,1,0,0,0,0,0,0,0,0,0,1,"Adalet ve Kalkınma Partisi","European Union","Turkey","For (membership)","2016","GOV","Marginal","Center-Right","Normative"
"385",2017-03-14,838,838,153,201,"Mehmet Gunal",301,5303,553,610,53,0,0,1,0,0,0,0,0,0,0,0,0,1,"Milliyetçi Hareket Partisi","European Union","Turkey","Conditional","2017","OPP","Mainstream","Extreme-Right/Nationalist","Normative"
"386",2017-03-14,838,838,153,201,"Mehmet Gunal",301,5303,553,617,53,0,1,0,1,0,0,0,0,0,0,0,0,0,"Milliyetçi Hareket Partisi","Customs Union","Turkey","Conditional","2017","OPP","Mainstream","Extreme-Right/Nationalist","Utilitarian"
"387",2017-05-09,272,272,153,201,"Sibel Ozdemir",301,5302,553,610,53,1,1,1,1,0,0,0,0,0,1,0,0,0,"Cumhuriyet Halk Partisi","European Union","Turkey","For (membership)","2017","OPP","Mainstream","Center-Left","both"
"388",2017-05-09,358,358,153,201,"Erhan Usta",301,5303,553,610,53,0,1,1,0,1,0,0,0,0,0,0,1,0,"Milliyetçi Hareket Partisi","European Union","Turkey","Conditional","2017","OPP","Mainstream","Extreme-Right/Nationalist","both"
"389",2017-07-17,1144,1144,153,201,"Oguz Kaan Salici",301,5302,553,610,53,1,0,0,0,0,0,0,0,0,0,0,0,0,"Cumhuriyet Halk Partisi","European Union","Turkey","For (membership)","2017","OPP","Mainstream","Center-Left","Neither"
"390",2017-07-17,1174,1183,153,201,"Ozturk Yilmaz",301,5302,553,610,53,1,1,0,1,0,0,0,0,0,0,0,0,0,"Cumhuriyet Halk Partisi","European Union","Turkey","For (membership)","2017","OPP","Mainstream","Center-Left","Utilitarian"
"391",2017-07-17,1213,1218,153,201,"Fikri Isik",303,5301,553,610,53,0,1,0,1,0,0,0,0,0,0,0,0,0,"Adalet ve Kalkınma Partisi","European Union","Turkey","Conditional","2017","GOV","Marginal","Center-Right","Utilitarian"
"392",2017-10-01,100,102,153,201,"Recep Tayyip Erdogan",310,5301,553,610,53,0,1,1,0,0,0,1,0,0,0,0,0,1,"Adalet ve Kalkınma Partisi","European Union","Turkey","Conditional","2017","GOV","Marginal","Center-Right","both"
"393",2017-10-18,1796,1796,153,201,"Erol Dora",301,5304,553,610,53,1,0,1,0,0,0,0,0,0,1,0,0,0,"Kurdish Party Family","European Union","Turkey","For (membership)","2017","OPP","Marginal","Extreme-Left","Normative"
"394",2017-10-24,365,368,153,201,"Sibel Ozdemir",301,5302,553,610,53,1,1,1,0,1,0,0,0,0,1,0,0,0,"Cumhuriyet Halk Partisi","European Union","Turkey","For (membership)","2017","OPP","Mainstream","Center-Left","both"
"395",2017-12-18,818,820,153,201,"Sibel Ozdemir",301,5302,553,610,53,1,0,1,0,0,0,0,0,0,1,0,0,0,"Cumhuriyet Halk Partisi","European Union","Turkey","For (membership)","2017","OPP","Mainstream","Center-Left","Normative"
"396",2017-12-18,1021,1025,153,201,"Ertugrul Kurkcu",301,5304,553,610,53,1,0,1,0,0,0,0,0,0,1,0,0,0,"Kurdish Party Family","European Union","Turkey","For (membership)","2017","OPP","Marginal","Extreme-Left","Normative"
"397",2017-12-18,1320,1332,153,201,"Hasan Ozyer",301,5301,553,610,53,1,1,1,1,0,0,0,0,0,1,0,0,1,"Adalet ve Kalkınma Partisi","European Union","Turkey","For (membership)","2017","GOV","Marginal","Center-Right","both"
"398",2017-12-18,1338,1342,153,201,"Leyla Sahin Usta",301,5301,553,610,53,1,1,1,0,0,1,1,0,0,1,0,0,0,"Adalet ve Kalkınma Partisi","European Union","Turkey","For (membership)","2017","GOV","Marginal","Center-Right","both"
"399",2017-12-18,1792,1792,153,201,"Arzu Erdem",301,5303,553,610,53,0,0,1,0,0,0,0,0,0,0,0,1,0,"Milliyetçi Hareket Partisi","European Union","Turkey","Conditional","2017","OPP","Mainstream","Extreme-Right/Nationalist","Normative"
"400",2017-12-18,2249,2280,153,201,"Omer Celik",301,5301,553,610,53,1,1,1,1,1,0,0,0,0,1,0,0,0,"Adalet ve Kalkınma Partisi","European Union","Turkey","For (membership)","2017","GOV","Marginal","Center-Right","both"
"401",2017-12-20,3926,3931,153,201,"Meral Danıs Bestas",301,5304,553,610,53,1,0,1,0,0,0,0,0,0,1,0,0,0,"Kurdish Party Family","European Union","Turkey","For (membership)","2017","OPP","Marginal","Extreme-Left","Normative"
"402",2017-12-22,1459,1463,153,201,"Mustafa Kalaycı",301,5303,553,610,53,0,1,1,0,0,0,1,0,0,0,0,0,1,"Milliyetçi Hareket Partisi","European Union","Turkey","Conditional","2017","OPP","Mainstream","Extreme-Right/Nationalist","both"
"403",2017-02-15,731,731,153,201,"Ertugrul Kurkcu",301,5304,553,723,53,2,1,1,0,0,1,0,0,0,1,0,0,0,"Kurdish Party Family","Shanghai Cooperation Organization - Membership","Turkey","Against (membership)","2017","OPP","Marginal","Extreme-Left","both"
